,ID,FULL TEXT,CREATED AT
0,1320230336488407040,@HarshadeSilvaMP @sjbsrilanka ‡∂≠‡∂∏‡∑ä‡∂∂‡∑í ‡∂≠‡∑ú‡∂¥‡∑ä‡∂¥‡∑í‡∂∫ ‡∂ú‡∑ê‡∂± ‡∂Ö‡∂¥‡∑í ‡∂â‡∂ú‡∑ô‡∂± ‡∂ú‡∂≠‡∑ä‡∂≠‡∑ö ‡∂â‡∑É‡∑ä‡∂ö‡∑ù‡∂Ω‡∑ö ‡∂∫‡∂± ‡∂ö‡∑è‡∂Ω‡∑ö. ‡∑Ñ‡∑ê‡∂∏ ‡∂∏‡∑ê‡∂≠‡∑í‡∑Ä‡∂ª‡∂´‡∂∫‡∂ö‡∂ß ‡∂¥‡∑É‡∑î‡∑Ä ‡∂≠‡∑ú‡∂¥‡∑ä‡∂¥‡∑í‡∂∫ ‡∑Ñ‡∑ê‡∂ª‡∑ê‡∂±‡∑î ‡∑Ñ‡∑ê‡∂ß‡∑ä ‡∂Ø‡∑ê‡∂ö ‡∂Ø‡∑ê‡∂ö....,2020-10-25 05:06:55
1,1320024674856800258,@Its_DHD ‡∂≠‡∑ê‡∂∏‡∑ä‡∑É‡∑ä ‡∂≠‡∂∏‡∑ä‡∂∂‡∑í,2020-10-24 15:29:42
2,1319896932269977603,"‡∂â‡∑É‡∑ä‡∑É‡∂ª ‡∂∂‡∂∫‡∑í‡∑É‡∂±‡∑ä ‡∂Ω‡∑è

‡∂Ö‡∂∏‡∑ä‡∂∏‡∑ù ‡∂ª‡∂ß ‡∑É‡∑í‡∂±‡∑ä‡∂± ‡∑Ä‡∑ô‡∂±‡∑ù
‡∂Ö‡∂±‡∑ö ‡∂á‡∂∏‡∂ª‡∑í‡∂ö‡∑è‡∑Ä‡∑ô‡∂±‡∑ä ‡∂Ö‡∂¥‡∑í‡∑Ä ‡∂Ö‡∂Ω‡∑ä‡∂Ω‡∂±‡∑ä ‡∂∫‡∂±‡∑ù
‡∂Ö‡∂∏‡∑ä‡∂∏‡∑ù ‡∂∏‡∑ô‡∂±‡∑ä‡∂± ‡∂≠‡∂∏‡∑ä‡∂∂‡∑í ‡∂ª‡∂ß ‡∂Ö‡∂Ω‡∑ä‡∂Ω‡∂±‡∑ú
‡∑É‡∂±‡∑ä‡∂≠‡∑è‡∂±‡∑ö ‡∂ö‡∑ú‡∂ß‡∑í ‡∂±‡∑ê‡∂ú‡∑í‡∂ß‡∑í‡∂±‡∑Ä‡∑ù

‡∂Ø‡∑ê‡∂±‡∑ä ‡∂∂‡∂∫‡∑í‡∑É‡∂±‡∑ä‡∂Ω‡∑è

‡∂ö‡∑ú‡∑É‡∑ä ‡∂∏‡∑ê‡∂Ω‡∑ä‡∂Ω‡∑î‡∂∏‡∂ö‡∑ä ‡∑É‡∑è‡∂Ø‡∑è‡∂ú‡∂±‡∑ä‡∂±‡∑ö ‡∂ö‡∑ô‡∑É‡∑ö‡∂Ø
‡∂ö‡∑É‡∑î‡∂±‡∑ä ‡∂ö‡∂Ω‡∑ä‡∑Ñ‡∑è‡∂ª‡∂ú‡∑ö ‡∂Ö‡∂Ω‡∑î‡∂≠‡∑ä ‡∑É‡∑í‡∂Ç‡∂Ø‡∑î‡∑Ä ‡∂Ω‡∑É‡∑ä‡∑É‡∂±‡∂∫‡∑í
‡∂î‡∂∫‡∑è‡∂Ω‡∑è ‡∂Ö‡∂Ω‡∑í ‡∂¥‡∑ö‡∂ª ‡∂ö‡∂±‡∑Ä‡∂Ø?
‡∂Ö‡∂¥‡∑ö ‡∑Ä‡∂≠‡∑ä‡∂≠‡∑ö ‡∑Ä‡∑ê‡∑Ä‡∑î‡∂± ‡∂¥‡∂≠‡∑ù‡∂Ω ‡∂∏‡∑ô‡∂±‡∑ä‡∂±",2020-10-24 07:02:05
3,1319501969141108738,"‡∑Ñ‡∂ö‡∑ì‡∂∏‡∑ä ‡∂Ö‡∂±‡∑ä‡∂≠‡∑Ä‡∑è‡∂Ø‡∑ì... ‡∂∏‡∑í‡∂±‡∑í‡∑Ñ‡∂ú‡∑ö ‡∂¥‡∂ö‡∑ä‡∑Ç‡∑ö ‡∂Ö‡∂±‡∑í‡∂≠‡∑ä ‡∂≠‡∂∏‡∑ä‡∂∂‡∑í ‡∂ß‡∑í‡∂ö ‡∂ë‡∑Ñ‡∑ô‡∂∏ ‡∂±‡∑ë... ‡∂í ‡∂±‡∑í‡∑É‡∑è ‡∂≠‡∂∏‡∂∫‡∑í ‡∂í ‡∂Ö‡∂∫ ‡∂Ü‡∂´‡∑ä‡∂©‡∑î‡∑Ä‡∂ß ‡∂¥‡∂ö‡∑ä‡∑Ç ‡∑Ä‡∑î‡∂´‡∑ö..

‡∂∏‡∑ö‡∑Ä‡∑è ‡∑Ñ‡∂ö‡∑ì‡∂∏‡∑ä ‡∂ë‡∂ö‡∑ä‡∂ö ‡∂ë‡∂ö‡∂≠‡∑î‡∑Ä‡∑ô‡∂Ω‡∑è ‡∂ú‡∑Ñ‡∂¥‡∑î plan ‡∂ö‡∑í‡∂∫‡∂Ω‡∑è ‡∂ã‡∂π‡∂Ω ‡∂≠‡∑ö‡∂ª‡∑î‡∂∏‡∑ä‡∂ú‡∂±‡∑ä‡∂± ‡∂ö‡∑ê‡∂∏‡∂≠‡∑í ‡∂±‡∑ë ‡∂±‡∑ö ... 

üòÅ

2/3 ‡∂≠‡∂±‡∑í ‡∑É‡∑í‡∂Ç‡∑Ñ‡∂Ω ‡∂Ü‡∂´‡∑ä‡∂©‡∑î‡∑Ä‡∂∫‡∑í ‡∂≠‡∂∏‡∑ä‡∂∂‡∑í ‡∑Ñ‡∂≠‡∂ª‡∂∫‡∑í üòÅ",2020-10-23 04:52:39
4,1319361736865034240,"‡∂≠‡∂∏‡∑ä‡∂∂‡∑í ‡∂ö‡∑í‡∂∫‡∂Ω‡∑è ‡∂¢‡∑è‡∂≠‡∑í‡∂∫‡∂ö‡∑ä ‡∂±‡∑ë ‡∂¥‡∑î‡∂≠‡∑è.., 
‡∂≠‡∂∏‡∑ä‡∂∂‡∑í ‡∂ö‡∑í‡∂∫‡∂±‡∑ä‡∂±‡∑ô ‡∑Ñ‡∑ô‡∂Ω‡∑Ä‡∑ô‡∂± ‡∂∏‡∂±‡∑É‡∂ß üòÇ",2020-10-22 19:35:25
5,1319315509381267458,‡∂≠‡∂±‡∑í ‡∑É‡∑í‡∂Ç‡∑Ñ‡∂Ω ‡∂Ü‡∂´‡∑ä‡∂©‡∑î‡∑Ä ‡∂∂‡∑ö‡∂ª‡∂ú‡∂≠‡∑ä‡∂≠‡∑ô ‡∂≠‡∂∏‡∑ä‡∂∂‡∑í ‚òù,2020-10-22 16:31:43
6,1319309709476675585,"@itzme_irEYa ‡∑É‡∑í‡∂±‡∑í‡∂ú‡∂∏.‡∂∫‡∂±‡∑ä‡∂±‡∂ë‡∂ö ‡∑Ä‡∑í‡∂∫‡∂Ø‡∂∏‡∂ö‡∑ä
‡∂¥‡∑ú‡∂Ω‡∑ä ‡∑Ä‡∂Ω‡∂ß ‡∂≠‡∑Ä ‡∑Ä‡∑í‡∂∫‡∂Ø‡∂∏‡∂ö‡∑ä
‡∂≠‡∑ô‡∑Ä‡∂∫‡∑è‡∂©‡∑è ‡∂≠‡∂∏‡∑ä‡∂∂‡∑í ‡∂â‡∂Ø ‡∂î‡∂±‡∂ö‡∑ä‡∂öü§∑",2020-10-22 16:08:40
7,1319301177192796160,"2/3 ‡∂≠‡∂±‡∑í ‡∑É‡∑í‡∂Ç‡∑Ñ‡∂Ω ‡∂Ü‡∂±‡∑ä‡∂©‡∑î‡∑Ä ‡∑Ä‡∑í‡∂¥‡∂ö‡∑ä‡∑Ç‡∂∫‡∑ö ‡∂≠‡∂∏‡∑ä‡∂∂‡∑í ‡∑Ñ‡∂≠‡∂ª ‡∂¥‡∑É‡∑ä ‡∂Ø‡∑ô‡∂±‡∑è ‡∂±‡∑ê‡∂≠‡∑ä‡∂±‡∂∏‡∑ä ‡∂ö‡∑ú‡∂ª‡∂∫‡∑í ‡∂Ω‡∂∂‡∑ä‡∂∂‡∂ö‡∑ä ‡∂±‡∑ö‡∂Ø ?

üòÇüòÇüòÇüòÇ",2020-10-22 15:34:46
0,1321451668584632321,OnePlus ‡∑É‡∂∏‡∑è‡∂ú‡∂∏ ‡∑Ä‡∑í‡∑É‡∑í‡∂±‡∑ä OnePlus Nord N10 5G ‡∑É‡∑Ñ Nord N100 ‡∂¢‡∂Ç‡∂ú‡∂∏ ‡∂Ø‡∑î‡∂ª‡∂ö‡∂≠‡∂± ‡∂ë‡∑Ö‡∑í‡∂Ø‡∑ê‡∂ö‡∑ä‡∑Ä‡∑ì‡∂∏‡∂ß ‡∂ö‡∂ß‡∂∫‡∑î‡∂≠‡∑î ‡∂ö‡∂ª‡∂∫‡∑í #TechNewsLK #SriLanka #News https://t.co/grGBVzLZnq,2020-10-28 14:00:03
1,1321440893207891969,‡∂∂‡∑í‡∂∫‡∂ú‡∂∏ ‡∂±‡∑í‡∂Ø‡∑Ñ‡∑É‡∑ä ‡∑Ä‡∑ô‡∑Ö‡∑ô‡∂≥ ‡∂ö‡∂Ω‡∑è‡∂¥‡∂∫‡∑ô‡∂±‡∑ä ‡∂¥‡∑î‡∂Ø‡∑ä‡∂ú‡∂Ω‡∂∫‡∂±‡∑ä 06 ‡∂Ø‡∑ô‡∂±‡∑ô‡∂ö‡∑î‡∂ß ‡∂ö‡∑ù‡∑Ä‡∑í‡∂©‡∑ä https://t.co/qvBfhrrJSd #news- sri lanka #feedly,2020-10-28 13:17:14
2,1321438936212725766,"‚Äú‡∂±‡∑í‡∂ª‡∑ù‡∂∞‡∑è‡∂∫‡∂± ‡∂á‡∂≥‡∑í‡∂ª‡∑í ‡∂±‡∑ì‡∂≠‡∑í‡∂∫ ‡∂ö‡∑ä‚Äç‡∂ª‡∑í‡∂∫‡∑è‡∂≠‡∑ä‡∂∏‡∂ö‡∑Ä ‡∑Ä‡∑î‡∑Ä‡∂Ø  ‡∂ã‡∑É‡∑É‡∑ä ‡∂¥‡∑ô‡∑Ö ‡∑Ä‡∑í‡∂∑‡∑è‡∂ú‡∂∫‡∂ß ‡∂¥‡∑ô‡∂±‡∑ì ‡∑É‡∑í‡∂ß‡∑í‡∂± ‡∂Ø‡∂ª‡∑î‡∑Ä‡∂±‡∑ä‡∂ß ‡∑Ä‡∑í‡∂∑‡∑è‡∂ú‡∂∫‡∂ß ‡∂∂‡∑è‡∂∞‡∑è‡∑Ä‡∂ö‡∑ä ‡∂±‡∑ê‡∑Ñ‡∑ê... ‚Äô‚Äô
- ‡∑Ä‡∑í‡∂∑‡∑è‡∂ú ‡∂ö‡∑ú‡∂∏‡∑É‡∑è‡∂ª‡∑í‡∑É‡∑ä ‡∂¢‡∂±‡∂ª‡∑è‡∂Ω‡∑ä ‡∂∂‡∑ì.‡∑É‡∂±‡∂≠‡∑ä ‡∂¥‡∑ñ‡∂¢‡∑í‡∂≠ ‡∂∏‡∑Ñ‡∂≠‡∑è
#DGI #Government #Information #Department #News #infodprtsl #Srilanka #lka #Covid19 #StaySafe #SocialDistancing #Virus #Pandemic https://t.co/qNQboyXSdv",2020-10-28 13:09:28
3,1321390729214636032,‡∂Ø‡∑ê‡∂±‡∂ß ‡∂¥‡∑ú‡∂Ω‡∑í‡∑É‡∑í‡∂∫‡∑ö 17 ‡∂ö‡∂ß ‚Äç‡∂ö‡∑ú‡∂ª‡∑ù‡∂±‡∑è - ‡∂Ü‡∑Å‡∑ä‚Äç‡∂ª‡∑í‡∂≠‡∂∫‡∑í‡∂±‡∑ä ‡∑Ä‡∑ñ 400‡∂ö‡∑ä ‡∂ö‡∂≥‡∑Ä‡∑î‡∂ª‡∑î‡∑Ä‡∂Ω https://t.co/DxgsRhrtOi #news- sri lanka #feedly,2020-10-28 09:57:54
4,1321366250891530240,"‡∑Ñ‡∑ô‡∂ß(29) ‡∂∏‡∑è‡∂∞‡∑ä‚Äç‡∂∫‡∂∏ ‡∂ª‡∑è‡∂≠‡∑ä‚Äç‡∂ª‡∑í‡∂∫‡∑ö ‡∑É‡∑í‡∂ß ‡∂±‡∑ú‡∑Ä‡∑ê‡∂∏‡∑ä‡∂∂‡∂ª‡∑ä 02 ‡∂ã‡∂Ø‡∑ë‡∑É‡∂± 5 ‡∂Ø‡∂ö‡∑ä‡∑Ä‡∑è ‡∂∂‡∑É‡∑ä‡∂±‡∑è‡∑Ñ‡∑í‡∂ª ‡∂¥‡∑Ö‡∑è‡∂≠‡∂ß ‡∂±‡∑í‡∂ª‡∑ù‡∂∞‡∑è‡∂∫‡∂± ‡∂á‡∂≥‡∑í‡∂ª‡∑í‡∂±‡∑ì‡∂≠‡∑í‡∂∫ ‡∂¥‡∑ê‡∂±‡∑Ä‡∑ö
#Srilankan #Srilanka #lka #Lanka #Ceylon #DGI #Government #Information #Department #News #Coronavirus #Covid #Corona #Staysafe #Socialdistancing #Virus #Coronav #Pandemic https://t.co/mIon98hHhp",2020-10-28 08:20:38
5,1321333109741203457,‡∂ö‡∑í‡∑É‡∑í‡∂∏ ‡∂Ö‡∂∫‡∑ô‡∂ö‡∑ä ‡∂∏‡∑ö ‡∑Ä‡∂ú‡∑ö ‡∂≠‡∂ª‡∑ä‡∂¢‡∂±‡∑è‡∂≠‡∑ä‡∂∏‡∂ö ‡∂¥‡∑ä‚Äç‡∂ª‡∂ö‡∑è‡∑Å ‡∂ö‡∂ª‡∂Ω ‡∂Ω‡∂Ç‡∂ö‡∑è‡∑Ä‡∂ß ‡∂Ü‡∑Ä‡∑ô ‡∂±‡∑ë https://t.co/xNKoxegW7m #srilanka #lka #news #news #breaking #today #president,2020-10-28 06:08:57
6,1321304860772487169,"‡∂∏‡∑ô‡∑Ñ‡∑ô‡∂∏‡∂∫‡∑í, CDRP ‡∂Ω‡∑è ‡∂ö‡∑í‡∂∫‡∂±‡∑ä‡∂±‡∑ö Current-Gen, Next-Gen ‡∂á‡∂≠‡∑î‡∑Ö‡∑î‡∑Ä Version 9 ‡∂ö‡∂ß ‡∂ª‡∑í‡∂Ω‡∑ì‡∑É‡∑ä ‡∂ö‡∂ª‡∂±‡∑ä‡∂± ‡∂≠‡∑í‡∂∫‡∑ô‡∂± ‡∂±‡∑í‡∑É‡∑è ‡∑Ä‡∂ú‡∑ö‡∂∏ Covid ‡∂±‡∑í‡∑É‡∑è ‡∂á‡∂≠‡∑í ‡∑Ä‡∑ô‡∂± ‡∂∑‡∑è‡∂∞‡∑è ‡∑Ñ‡∂∏‡∑î‡∑Ä‡∑ö ‡∂∏‡∑ô‡∑Ñ‡∑ô‡∂∏ ‡∂ö‡∂Ω‡∑ä ‡∂ú‡∑í‡∑Ñ‡∑í‡∂Ω‡∑ä‡∂Ω‡∑è ‡∂ö‡∑í‡∂∫‡∂Ω‡∂∫‡∑í. ‡∂ö‡∑ú‡∑Ñ‡∑ú‡∂∏ ‡∂ã‡∂±‡∂≠‡∑ä ‡∂ú‡∑ô‡∂∏‡∑ä ‡∂ë‡∂ö ‡∂≠‡∑í‡∂∫‡∑ô‡∂±‡∑ä‡∂±‡∑ö GOLD Status ‡∂ë‡∂ö ‡∂∫‡∂ß‡∂≠‡∑ö. ‡∂Ø‡∑ê‡∂±‡∑ä ‡∂â‡∂Ø‡∑Ñ‡∂±‡∑ä‡∂ö‡∑ù ‡∂Ø‡∑ô‡∑É‡∑ê‡∂∏‡∑ä‡∂∂‡∂ª‡∑ä 10 ‡∑Ä‡∑ô‡∂±‡∂ö‡∂±‡∑ä. 
#CSNews #Gaming #SriLanka #Sinhala #News https://t.co/s0rSYrBdHh",2020-10-28 04:16:42
7,1321102299742138370,"‡∂±‡∑í‡∂ª‡∑ù‡∂∞‡∑è‡∂∫‡∂± ‡∂á‡∂≥‡∑í‡∂ª‡∑í ‡∂±‡∑ì‡∂±‡∑í‡∂∫ ‡∂ö‡∑ä‚Äç‡∂ª‡∑í‡∂∫‡∑è‡∂≠‡∑ä‡∂∏‡∂ö ‡∂¥‡∑ú‡∂Ω‡∑í‡∑É‡∑ä‡∂∂‡∂Ω ‡∂¥‡∑ä‚Äç‡∂ª‡∂Ø‡∑ö‡∑Å‡∑Ä‡∂Ω‡∂ß ‡∂Ö‡∂∫‡∂≠‡∑ä ‡∂Ø‡∑í‡∑É‡∑ä‡∂≠‡∑ä‚Äç‡∂ª‡∑í‡∂ö‡∑ä‡∂ö‡∑Ä‡∂Ω ‡∂Ö‡∂≠‡∑ä‚Äç‡∂∫‡∑Ä‡∑Å‡∑ä‚Äç‡∂∫ ‡∂Ü‡∑Ñ‡∑è‡∂ª, ‡∂ñ‡∂∞‡∑Ç ‡∑Ä‡∑ô‡∑Ö‡∑ô‡∂≥ ‡∑É‡∑ê‡∂Ω‡∑ä ‡∑Ä‡∑í‡∑Ä‡∑ò‡∂≠ ‡∂ö‡∑í‡∂ª‡∑ì‡∂∏ ‡∑É‡∂≠‡∑í‡∂∫‡∂ß ‡∂Ø‡∑í‡∂± ‡∂Ø‡∑ô‡∂ö ‡∂∂‡∑ê‡∂ú‡∑í‡∂±‡∑ä
#Srilankan #Srilanka #lka #Lanka #Ceylon #DGI #Government #Information #Department #News #infodprtsl #coronavirus #staysafe #pandemic https://t.co/p4JNrbGdul",2020-10-27 14:51:47
8,1321067728573116416,"‡∂∏‡∑í‡∂ß‡∂ª‡∑ö ‡∂Ø‡∑î‡∂ª‡∑í‡∂±‡∑ä ‡∂¢‡∑í‡∑Ä‡∑í‡∂≠‡∑ö ‡∑É‡∂∏‡∑è‡∂ª‡∂∏‡∑ä‡∂∑‡∂ö ‡∂Ö‡∑Ä‡∑É‡∑ä‡∂Æ‡∑è‡∑Ä
https://t.co/y1BbxFHzPa
#News",2020-10-27 12:34:25
9,1321051521266581509,Facebook ‡∑É‡∂∏‡∑è‡∂ú‡∂∏ ‡∑Ä‡∑í‡∑É‡∑í‡∂±‡∑ä Mobile Games ‡∂±‡∑ú‡∂∏‡∑í‡∂Ω‡∑ö play ‡∂ö‡∑í‡∂ª‡∑ì‡∂∏ ‡∑É‡∂≥‡∑Ñ‡∑è cloud gaming ‡∑É‡∑ö‡∑Ä‡∑è‡∑Ä‡∂ö‡∑ä ‡∑Ñ‡∂≥‡∑î‡∂±‡∑ä‡∑Ä‡∑è‡∂Ø‡∑ì‡∂∏‡∂ß ‡∂ö‡∂ß‡∂∫‡∑î‡∂≠‡∑î ‡∂ö‡∂ª‡∂∫‡∑í #TechNewsLK #SriLanka #News https://t.co/4Cnr08zLs5,2020-10-27 11:30:01
10,1321029740237524993,"‡∂∏‡∑ô‡∂ª‡∂ß 17 ‡∑Ä‡∑ê‡∂±‡∑í ‡∂ö‡∑ú‡∑Ä‡∑í‡∂©‡∑ä 19 ‡∂Ö‡∑É‡∑è‡∂Ø‡∑í‡∂≠ ‡∂∏‡∂ª‡∂´‡∂∫ ‡∑Ä‡∑è‡∂ª‡∑ä‡∂≠‡∑è ‡∑Ä‡∑ô‡∂∫‡∑í
#covid19 #news #healthSL #coronadeath https://t.co/6mWpOVWd9h",2020-10-27 10:03:28
11,1320997933307752454,‡∂á‡∂π‡∑í‡∂Ω‡∑í‡∂¥‡∑í‡∂ß‡∑í‡∂∫ ‡∑É‡∂≠‡∑í‡∂¥‡∑ú‡∑Ö ‡∑Ä‡∑É‡∑è ‡∂Ø‡∂∏‡∂∫‡∑í https://t.co/2v7jyoLr6b‡∂á‡∂π‡∑í‡∂Ω‡∑í‡∂¥‡∑í‡∂ß‡∑í‡∂∫-‡∑É‡∂≠‡∑í‡∂¥‡∑ú‡∑Ö-‡∑Ä‡∑É‡∑è-‡∂Ø‡∂∏‡∂∫‡∑í/1-581203 #news- sri lanka #feedly,2020-10-27 07:57:04
12,1320970822387990528,‡∂Ö‡∂¥‡∑ö ‡∂¥‡∑ä‚Äç‡∂ª‡∂≠‡∑í‡∂¥‡∂≠‡∑ä‡∂≠‡∑í ‡∑Ä‡∂Ω‡∑í‡∂±‡∑ä ‡∑Ä‡∑ô‡∂±‡∑É‡∑ä ‡∑Ä‡∑ô‡∂±‡∑ä‡∂±‡∑ö ‡∂±‡∑ë ‡∂ï‡∂± ‡∂ö‡∑ô‡∂±‡∑ô‡∂ö‡∑î‡∂ß ‡∂ë‡∂±‡∑ä‡∂± ‡∂¥‡∑î‡∑Ö‡∑î‡∑Ä‡∂±‡∑ä ‡∂Ö‡∂¥‡∑ö ‡∂ª‡∂ß‡∂ß https://t.co/bWb8RVoxoZ #srilanka #lka #news #news #breaking #today #president,2020-10-27 06:09:21
13,1320953513124319232,‡∑Ñ‡∑ê‡∂ß‡∂±‡∑ä ‡∑Ñ‡∑î‡∂Ø‡∂ö‡∂Ω‡∑è ‡∂ö‡∂ª‡∂∫‡∑í https://t.co/2v7jyoLr6b‡∑Ñ‡∑ê‡∂ß‡∂±‡∑ä-‡∑Ñ‡∑î‡∂Ø‡∂ö‡∂Ω‡∑è-‡∂ö‡∂ª‡∂∫‡∑í/1-581198 #news- sri lanka,2020-10-27 05:00:34
14,1320952109034999810,‡∂Ω‡∑ê‡∂∂‡∑î‡∂´‡∑î PCR ‡∑Ä‡∑è‡∂ª‡∑ä‡∂≠‡∑è ‡∂Ö‡∂±‡∑î‡∑Ä ‡∂Ø‡∑ô‡∑Ñ‡∑í‡∑Ä‡∂Ω 70‡∂±‡∑ä 8‡∂Ø‡∑ô‡∂±‡∑ô‡∂ö‡∑î ‡∂Ü‡∑É‡∑è‡∂Ø‡∑í‡∂≠‡∂∫‡∑ù ‡∑Ä‡∑ô‡∂≠‡∑í https://t.co/L2EJJvRbJc #news- sri lanka #feedly,2020-10-27 04:54:59
15,1320731222792761345,"‡∂¢‡∂±‡∑è‡∂∞‡∑í‡∂¥‡∂≠‡∑í ‡∂ö‡∑è‡∂ª‡∑ä‡∂∫‡∑è‡∂Ω‡∂∫‡∑ö ‡∑É‡∑ö‡∑Ä‡∑è ‡∂Ø‡∑ê‡∂±‡∑ä ‡∑É‡∂±‡∑ä‡∂±‡∑í‡∑Ä‡∑ö‡∂Ø‡∂± ‡∂∏‡∑è‡∂∞‡∑ä‚Äç‡∂∫ ‡∂∏‡∂ú‡∑í‡∂±‡∑ä
#Srilankan #Srilanka #lka #Lanka #Ceylon #DGI #Government #Information #Department #News #infodprtsl #PMDNews https://t.co/gzVtZGAEa7",2020-10-26 14:17:16
16,1320731199975739392,‡∂∏‡∑Ñ‡∂ª‡∂ú‡∂∏ ‡∂¥‡∂±‡∑ä‡∂±‡∑í‡∂¥‡∑í‡∂ß‡∑í‡∂∫ ‡∂á‡∂π‡∑î‡∂Ω‡∑ä‡∂Ø‡∑ô‡∂´‡∑í‡∂∫ ‡∂ª‡∑ù‡∂ú‡∑ì‡∂±‡∑ä 15‡∂ö‡∑ä ‡∑Ä‡∑è‡∂ª‡∑ä‡∂≠‡∑è ‡∑Ä‡∑ô‡∂∫‡∑í https://t.co/f8X13v4TJ2 #news- sri lanka #feedly,2020-10-26 14:17:10
17,1320710484069265408,"üëâ‡∂î‡∂∂‡∂ß ‡∑Ä‡∑ê‡∂Ø‡∂ú‡∂≠‡∑ä ‡∑Ä‡∂± ‡∂Ø‡∑î‡∂ª‡∂ö‡∂Æ‡∂± ‡∂Ö‡∂Ç‡∂öüëà
#Srilankan #Srilanka #lka #Lanka #Ceylon #DGI #Government #Information #Department #News #infodprtsl #coronavirus #covid #corona #staysafe #socialdistancing #virus #coronav #pandemic https://t.co/cuIU15H6UQ",2020-10-26 12:54:51
18,1320710477916196865,"üëâ‡∂î‡∂∂‡∂ß ‡∑Ä‡∑ê‡∂Ø‡∂ú‡∂≠‡∑ä ‡∑Ä‡∂± ‡∂Ø‡∑î‡∂ª‡∂ö‡∂Æ‡∂± ‡∂Ö‡∂Ç‡∂öüëà
#Srilankan #Srilanka #lka #Lanka #Ceylon #DGI #Government #Information #Department #News #infodprtsl #coronavirus #covid #corona #staysafe #socialdistancing #virus #coronav #pandemic https://t.co/HcHI2KF4oQ",2020-10-26 12:54:50
19,1320710471989653506,"üëâ‡∂î‡∂∂‡∂ß ‡∑Ä‡∑ê‡∂Ø‡∂ú‡∂≠‡∑ä ‡∑Ä‡∂± ‡∂Ø‡∑î‡∂ª‡∂ö‡∂Æ‡∂± ‡∂Ö‡∂Ç‡∂öüëà
#Srilankan #Srilanka #lka #Lanka #Ceylon #DGI #Government #Information #Department #News #infodprtsl #coronavirus #covid #corona #staysafe #socialdistancing #virus #coronav #pandemic https://t.co/69SOAWOunJ",2020-10-26 12:54:48
20,1320710465681461248,"üëâ‡∂î‡∂∂‡∂ß ‡∑Ä‡∑ê‡∂Ø‡∂ú‡∂≠‡∑ä ‡∑Ä‡∂± ‡∂Ø‡∑î‡∂ª‡∂ö‡∂Æ‡∂± ‡∂Ö‡∂Ç‡∂öüëà
#Srilankan #Srilanka #lka #Lanka #Ceylon #DGI #Government #Information #Department #News #infodprtsl #coronavirus #covid #corona #staysafe #socialdistancing #virus #coronav #pandemic https://t.co/YjJ62FNvTT",2020-10-26 12:54:47
21,1320710459612262400,"üëâ‡∂î‡∂∂‡∂ß ‡∑Ä‡∑ê‡∂Ø‡∂ú‡∂≠‡∑ä ‡∑Ä‡∂± ‡∂Ø‡∑î‡∂ª‡∂ö‡∂Æ‡∂± ‡∂Ö‡∂Ç‡∂öüëà
#Srilankan #Srilanka #lka #Lanka #Ceylon #DGI #Government #Information #Department #News #infodprtsl #coronavirus #covid #corona #staysafe #socialdistancing #virus #coronav #pandemic https://t.co/huANHQ4Y0f",2020-10-26 12:54:45
22,1320710453400535042,"üëâ‡∂î‡∂∂‡∂ß ‡∑Ä‡∑ê‡∂Ø‡∂ú‡∂≠‡∑ä ‡∑Ä‡∂± ‡∂Ø‡∑î‡∂ª‡∂ö‡∂Æ‡∂± ‡∂Ö‡∂Ç‡∂öüëà
#Srilankan #Srilanka #lka #Lanka #Ceylon #DGI #Government #Information #Department #News #infodprtsl #coronavirus #covid #corona #staysafe #socialdistancing #virus #coronav #pandemic https://t.co/Lljbkbns9f",2020-10-26 12:54:44
23,1320710447062872064,"üëâ‡∂î‡∂∂‡∂ß ‡∑Ä‡∑ê‡∂Ø‡∂ú‡∂≠‡∑ä ‡∑Ä‡∂± ‡∂Ø‡∑î‡∂ª‡∂ö‡∂Æ‡∂± ‡∂Ö‡∂Ç‡∂öüëà
#Srilankan #Srilanka #lka #Lanka #Ceylon #DGI #Government #Information #Department #News #infodprtsl #coronavirus #covid #corona #staysafe #socialdistancing #virus #coronav #pandemic https://t.co/lZwQn8Bgfl",2020-10-26 12:54:42
24,1320710440943415296,"üëâ‡∂î‡∂∂‡∂ß ‡∑Ä‡∑ê‡∂Ø‡∂ú‡∂≠‡∑ä ‡∑Ä‡∂± ‡∂Ø‡∑î‡∂ª‡∂ö‡∂Æ‡∂± ‡∂Ö‡∂Ç‡∂öüëà
#Srilankan #Srilanka #lka #Lanka #Ceylon #DGI #Government #Information #Department #News #infodprtsl #coronavirus #covid #corona #staysafe #socialdistancing #virus #coronav #pandemic https://t.co/a1OPoHPZpe",2020-10-26 12:54:41
25,1320710435062992896,"üëâ‡∂î‡∂∂‡∂ß ‡∑Ä‡∑ê‡∂Ø‡∂ú‡∂≠‡∑ä ‡∑Ä‡∂± ‡∂Ø‡∑î‡∂ª‡∂ö‡∂Æ‡∂± ‡∂Ö‡∂Ç‡∂öüëà
#Srilankan #Srilanka #lka #Lanka #Ceylon #DGI #Government #Information #Department #News #infodprtsl #coronavirus #covid #corona #staysafe #socialdistancing #virus #coronav #pandemic https://t.co/UIOjoZdfD2",2020-10-26 12:54:39
26,1320710428951916550,"üëâ‡∂î‡∂∂‡∂ß ‡∑Ä‡∑ê‡∂Ø‡∂ú‡∂≠‡∑ä ‡∑Ä‡∂± ‡∂Ø‡∑î‡∂ª‡∂ö‡∂Æ‡∂± ‡∂Ö‡∂Ç‡∂öüëà
#Srilankan #Srilanka #lka #Lanka #Ceylon #DGI #Government #Information #Department #News #infodprtsl #coronavirus #covid #corona #staysafe #socialdistancing #virus #coronav #pandemic https://t.co/bbjJ3Comhw",2020-10-26 12:54:38
27,1320710422912135170,"üëâ‡∂î‡∂∂‡∂ß ‡∑Ä‡∑ê‡∂Ø‡∂ú‡∂≠‡∑ä ‡∑Ä‡∂± ‡∂Ø‡∑î‡∂ª‡∂ö‡∂Æ‡∂± ‡∂Ö‡∂Ç‡∂öüëà
#Srilankan #Srilanka #lka #Lanka #Ceylon #DGI #Government #Information #Department #News #infodprtsl #coronavirus #covid #corona #staysafe #socialdistancing #virus #coronav #pandemic https://t.co/4qHuQ4cLWR",2020-10-26 12:54:37
28,1320708054170570752,‡∂∏‡∑ô‡∂Ω‡∑ä‡∂∂‡∂ª‡∑ä‡∂±‡∑ä ‡∂Ø‡∑ú‡∂ª‡∂ß‡∑î ‡∂∂‡∂Ø‡∑è‡∂Ø‡∑è ‡∂á‡∂ª‡∑ô‡∂∫‡∑í https://t.co/2v7jyoLr6b‡∂∏‡∑ô‡∂Ω‡∑ä‡∂∂‡∂ª‡∑ä‡∂±‡∑ä-‡∂Ø‡∑ú‡∂ª‡∂ß‡∑î-‡∂∂‡∂Ø‡∑è‡∂Ø‡∑è-‡∂á‡∂ª‡∑ô‡∂∫‡∑í/1-581173 #news- sri lanka #feedly,2020-10-26 12:45:12
29,1320706872702193664,"üëâ‡∂î‡∂∂‡∂ß ‡∑Ä‡∑ê‡∂Ø‡∂ú‡∂≠‡∑ä ‡∑Ä‡∂± ‡∂Ø‡∑î‡∂ª‡∂ö‡∂Æ‡∂± ‡∂Ö‡∂Ç‡∂öüëà
#Srilankan #Srilanka #lka #Lanka #Ceylon #DGI #Government #Information #Department #News #infodprtsl #coronavirus #covid #corona #staysafe #socialdistancing #virus #coronav #pandemic https://t.co/7yzBgtVxO3",2020-10-26 12:40:30
30,1320706864691048448,"üëâ‡∂î‡∂∂‡∂ß ‡∑Ä‡∑ê‡∂Ø‡∂ú‡∂≠‡∑ä ‡∑Ä‡∂± ‡∂Ø‡∑î‡∂ª‡∂ö‡∂Æ‡∂± ‡∂Ö‡∂Ç‡∂öüëà
#Srilankan #Srilanka #lka #Lanka #Ceylon #DGI #Government #Information #Department #News #infodprtsl #coronavirus #covid #corona #staysafe #socialdistancing #virus #coronav #pandemic https://t.co/wVHPdTckRb",2020-10-26 12:40:28
31,1320706858659708930,"üëâ‡∂î‡∂∂‡∂ß ‡∑Ä‡∑ê‡∂Ø‡∂ú‡∂≠‡∑ä ‡∑Ä‡∂± ‡∂Ø‡∑î‡∂ª‡∂ö‡∂Æ‡∂± ‡∂Ö‡∂Ç‡∂öüëà
#Srilankan #Srilanka #lka #Lanka #Ceylon #DGI #Government #Information #Department #News #infodprtsl #coronavirus #covid #corona #staysafe #socialdistancing #virus #coronav #pandemic https://t.co/DMcbsLqRJi",2020-10-26 12:40:27
32,1320706853026713601,"üëâ‡∂î‡∂∂‡∂ß ‡∑Ä‡∑ê‡∂Ø‡∂ú‡∂≠‡∑ä ‡∑Ä‡∂± ‡∂Ø‡∑î‡∂ª‡∂ö‡∂Æ‡∂± ‡∂Ö‡∂Ç‡∂öüëà
#Srilankan #Srilanka #lka #Lanka #Ceylon #DGI #Government #Information #Department #News #infodprtsl #coronavirus #covid #corona #staysafe #socialdistancing #virus #coronav #pandemic https://t.co/cBq5NX21gd",2020-10-26 12:40:25
33,1320706843342106624,"üëâ‡∂î‡∂∂‡∂ß ‡∑Ä‡∑ê‡∂Ø‡∂ú‡∂≠‡∑ä ‡∑Ä‡∂± ‡∂Ø‡∑î‡∂ª‡∂ö‡∂Æ‡∂± ‡∂Ö‡∂Ç‡∂öüëà
#Srilankan #Srilanka #lka #Lanka #Ceylon #DGI #Government #Information #Department #News #infodprtsl #coronavirus #covid #corona #staysafe #socialdistancing #virus #coronav #pandemic https://t.co/IHGfXbvp4u",2020-10-26 12:40:23
34,1320705680970444805,"üëâ‡∂î‡∂∂‡∂ß ‡∑Ä‡∑ê‡∂Ø‡∂ú‡∂≠‡∑ä ‡∑Ä‡∂± ‡∂Ø‡∑î‡∂ª‡∂ö‡∂Æ‡∂± ‡∂Ö‡∂Ç‡∂öüëà
#Srilankan #Srilanka #lka #Lanka #Ceylon #DGI #Government #Information #Department #News #infodprtsl #coronavirus #covid #corona #staysafe #socialdistancing #virus #coronav #pandemic https://t.co/NWmwaIorus",2020-10-26 12:35:46
35,1320689136731213826,Oppo ‡∑É‡∂∏‡∑è‡∂ú‡∂∏ ‡∑Ä‡∑í‡∑É‡∑í‡∂±‡∑ä ‡∂ö‡∑í‡∑É‡∑í‡∂≥‡∑î ‡∂Ö‡∂∏‡∂≠‡∂ª ‡∂ã‡∂¥‡∑è‡∂Ç‡∂ú‡∂∫‡∂ö‡∑ä ‡∂±‡∑ú‡∂∏‡∑ê‡∂≠‡∑í‡∑Ä ‡∂∏‡∑ì‡∂ß‡∂ª 1‡∂ö‡∑ä ‡∂Ø‡∂ö‡∑ä‡∑Ä‡∑è ‡∂±‡∑í‡∂ª‡∑Ä‡∂Ø‡∑ä‚Äç‡∂∫‡∂∫ ‡∑Ä‡∂±  navigation ‡∂≠‡∑è‡∂ö‡∑ä‡∑Ç‡∂´‡∂∫‡∂ö‡∑ä ‡∂±‡∑í‡∂ª‡∑ä‡∂∏‡∑è‡∂´‡∂∫ ‡∂ö‡∂ª‡∂∏‡∑í‡∂±‡∑ä ‡∑É‡∑í‡∂ß‡∑í‡∂± ‡∂∂‡∑Ä ‡∑Ä‡∑è‡∂ª‡∑ä‡∂≠‡∑è ‡∑Ä‡∑ô‡∂∫‡∑í #TechNewsLK #SriLanka #News https://t.co/P14SZjxyTW,2020-10-26 11:30:02
36,1320683981038301184,‡∂ö‡∑ú‡∂ª‡∑ù‡∂±‡∑è ‡∂ª‡∑ù‡∂ú‡∑ì‡∂±‡∑ä‡∂ß ‡∂Ω‡∂∂‡∑è‡∂Ø‡∑ì‡∂∏‡∂ß ‡∂Ü‡∂∫‡∑î‡∂ª‡∑ä‡∑Ä‡∑ö‡∂Ø ‡∑É‡∑î‡∂Ø‡∂ª‡∑ä‡∑Å‡∂± ‡∂¥‡∑ê‡∂´‡∑í‡∂∫ ‡∂ª‡∂¢‡∂∫‡∑ö ‡∂ª‡∑ù‡∑Ñ‡∂Ω‡∑ä ‡∑Ä‡∂Ω‡∂ß https://t.co/C7UVGKTbeE #srilanka #lka #news #news #breaking #today #president,2020-10-26 11:09:32
37,1320623272871055360,‡∂±‡∑í‡∂ª‡∑ù‡∂∞‡∑è‡∂∫‡∂± ‡∂á‡∂≥‡∑í‡∂ª‡∑í‡∂±‡∑ì‡∂≠‡∑í‡∂∫ ‡∂Ö‡∂≠‡∂ª ‡∂≠‡∑î‡∂ª ‡∂¥‡∑í‡∂ß‡∂ö‡∑ú‡∂ß‡∑î‡∑Ä‡∑ô ‡∂∏‡∑ú‡∂ö‡∂Ø ‡∑Ä‡∑ô‡∂±‡∑ä‡∂±‡∑ö https://t.co/xj3UW9Kldf #srilanka #lka #news #news #breaking #today #president,2020-10-26 07:08:18
38,1320623270664830976,‡∂Ø‡∑ê‡∂±‡∑ä ‡∂Ω‡∂Ç‡∂ö‡∑è‡∑Ä‡∑ö ‡∂∂‡∂ª‡∂¥‡∂≠‡∂Ω ‡∑É‡∂Ç‡∂ö‡∑ì‡∂ª‡∑ä‡∂´ ‡∂≠‡∂≠‡∑ä‡∑Ä‡∂∫‡∂ö‡∂ß ‡∂¥‡∂≠‡∑ä ‡∑Ä‡∑ô‡∂Ω‡∑è ‡∂≠‡∑í‡∂∫‡∑ô‡∂±‡∑ä‡∂±‡∑ö https://t.co/DIzIYblEyf #srilanka #lka #news #news #breaking #today #president,2020-10-26 07:08:18
39,1320372046908436482,‡∂≠‡∂∏ ‡∑É‡∂∏‡∑è‡∂ú‡∂∏ ‡∑Ä‡∑ô‡∂±‡∑î‡∑Ä‡∑ô‡∂±‡∑ä ‡∂±‡∑í‡∑Ç‡∑ä‡∂¥‡∑è‡∂Ø‡∂±‡∂∫ ‡∂ö‡∂ª‡∂± Network Kits ‡∑É‡∂≥‡∑Ñ‡∑è ‡∂†‡∑ì‡∂± ‡∂ö‡∑ú‡∂ß‡∑É‡∑ä ‡∂∑‡∑è‡∑Ä‡∑í‡∂≠‡∑è ‡∂±‡∑ú‡∂ö‡∂ª‡∂± ‡∂Ω‡∑ô‡∑É Verizon ‡∑É‡∂∏‡∑è‡∂ú‡∂∏ Samsung ‡∑É‡∂∏‡∑è‡∂ú‡∂∏‡∂ß ‡∂Ø‡∑ê‡∂±‡∑î‡∂∏‡∑ä ‡∂Ø‡∑ô‡∂∫‡∑í #TechNewsLK #SriLanka #News https://t.co/8enItYrhEy,2020-10-25 14:30:01
40,1320357484645683201,"üëâ‡∂Ö‡∂Ø ‡∂Ø‡∑í‡∂± ‡∂∏‡∑ö ‡∑Ä‡∂± ‡∑Ä‡∑í‡∂ß ‡∑Ä‡∑è‡∂ª‡∑ä‡∂≠‡∑è ‡∑Ä‡∂± ‡∂ö‡∑ú‡∑Ä‡∑í‡∂©‡∑ä-19 ‡∂Ü‡∑É‡∑è‡∂Ø‡∑í‡∂≠ ‡∂ª‡∑ù‡∂ú‡∑ì‡∂±‡∑ä ‡∂ú‡∂´‡∂±-263üëà
#Srilankan #Srilanka #lka #Lanka #Ceylon #DGI #Government #Information #Department #News #infodprtsl #coronavirus #covid #corona #staysafe #socialdistancing #virus #coronav #pandemic https://t.co/AfpLXWiokT",2020-10-25 13:32:10
41,1320334294611443713,"Micromax ‡∑É‡∂∏‡∑è‡∂ú‡∂∏ ‡∂î‡∑Ä‡∑î‡∂±‡∑ä‡∂ú‡∑ö ‡∂±‡∑Ä‡∂≠‡∂∏ ""in"" series ‡∂ë‡∂ö ‡∂î‡∑É‡∑ä‡∑É‡∑ö ‡∂±‡∑ê‡∑Ä‡∂≠ ‡∂â‡∂±‡∑ä‡∂Ø‡∑ì‡∂∫ smartphone ‡∑Ä‡∑ô‡∑Ö‡∑ô‡∂≥‡∂¥‡∑ú‡∑Ö‡∂ß ‡∂á‡∂≠‡∑î‡∑Ö‡∑î‡∑Ä‡∑ì‡∂∏‡∂ß ‡∑É‡∑ñ‡∂Ø‡∑è‡∂±‡∂∏‡∑ä ‡∑Ä‡∑ô‡∂∫‡∑í #TechNewsLK #SriLanka #News https://t.co/OF8VZnELlR",2020-10-25 12:00:01
42,1320324993092218881,Samsung ‡∑É‡∂∏‡∑è‡∂ú‡∂∏‡∑ä ‡∂¢‡∑è‡∂Ω‡∂∫‡∑ô‡∑Ñ‡∑í ‡∑É‡∂∑‡∑è‡∂¥‡∂≠‡∑í‡∑Ä‡∂ª‡∂∫‡∑è ‡∑Ä‡∑î‡∂±‡∑î Lee Kun-hee ‡∂∏‡∑Ñ‡∂≠‡∑è 78 ‡∑Ä‡∑í‡∂∫‡∑ô‡∑Ñ‡∑í‡∂Ø‡∑ì ‡∂Ø‡∑í‡∑Ä‡∑í ‡∑É‡∑ê‡∂ª‡∑í‡∂∫‡∑ô‡∂±‡∑ä ‡∑É‡∂∏‡∑î‡∂ú‡∂±‡∑í‡∂∫‡∑í üëâhttps://t.co/5LjmVmgwcG #TechNewsLK #News,2020-10-25 11:23:03
43,1320012430747992064,"‡∂¥‡∑è‡∂ª‡∑ä‡∂Ω‡∑í‡∂∏‡∑ö‡∂±‡∑ä‡∂≠‡∑î‡∑Ä‡∑ö ‡∑Ä‡∑í‡∑Å‡∑ö‡∑Ç ‡∂∂‡∑î‡∂Ø‡∑ä‡∂∞‡∑í ‡∂í‡∂ö‡∂ö‡∂∫‡∂ö‡∂ß ‡∂Ö‡∂±‡∑î‡∂∂‡∂Ø‡∑ä‡∂∞ ‡∂¥‡∑ú‡∂Ω‡∑í‡∑É‡∑ä ‡∑É‡∑ê‡∂ª‡∂∫‡∂±‡∑ä‡∑Ä‡∂ª‡∂∫‡∑ô‡∂ö‡∑î‡∂ß #covid19 Positive ‡∂ö‡∑í‡∂∫‡∂±‡∑Ä‡∑è.
#lka #news #Liveat8",2020-10-24 14:41:02
44,1319964361104871424,‡∂Ω‡∑ú‡∑Ä ‡∂¥‡∑ä‚Äç‡∂ª‡∂Æ‡∂∏ ‡∂ª‡∑ê‡∑Ñ‡∑ê‡∂±‡∑ä ‡∂ª‡∑Ñ‡∑í‡∂≠ ‡∂Ø‡∑í‡∂ú‡∑î‡∂Ø‡∑î‡∂ª ‡∂∂‡∂Ω‡∑Å‡∂ö‡∑ä‡∂≠‡∑í ‡∑É‡∂∏‡∑ä‡∂¥‡∑ä‚Äç‡∂ª‡∑ö‡∑Ç‡∂´ ‡∑Ä‡∑ä‚Äç‡∂∫‡∑è‡∂¥‡∑ò‡∂≠‡∑í‡∂∫ ‡∑Ñ‡∂≥‡∑î‡∂±‡∑ä‡∑Ä‡∑è‡∂Ø‡∑ì‡∂∏‡∂ß EMROD ‡∑É‡∂∏‡∑è‡∂ú‡∂∏ ‡∂ö‡∂ß‡∂∫‡∑î‡∂≠‡∑î ‡∂ö‡∂ª‡∂∫‡∑í #TechNewsLK #SriLanka #News https://t.co/vCAJZMT1Yh,2020-10-24 11:30:02
45,1319668461157584900,"2020.10.23

‡∂¥‡∑î‡∂Ø‡∑ä‡∂ú‡∂Ω‡∂∫‡∂±‡∑ä ‡∂Ω‡∑í‡∂∫‡∑è‡∂¥‡∂Ø‡∑í‡∂Ç‡∂†‡∑í ‡∂ö‡∑í‡∂ª‡∑ì‡∂∏‡∑ö ‡∂Ø‡∑ô‡∂¥‡∑è‡∂ª‡∑ä‡∂≠‡∂∏‡∑ö‡∂±‡∑ä‡∂≠‡∑î‡∑Ä‡∑ö ‡∂ë‡∂ö‡∑ä ‡∂Ø‡∑í‡∂± ‡∑É‡∑ö‡∑Ä‡∑è‡∑Ä‡∂±‡∑ä ‡∂á‡∂≠‡∑î‡∑Ö‡∑î ‡∂∏‡∑Ñ‡∂¢‡∂± ‡∑É‡∑ö‡∑Ä‡∑è‡∑Ä‡∂±‡∑ä ‡∂±‡∑ê‡∑Ä‡∂≠ ‡∂Ø‡∑ê‡∂±‡∑î‡∂∏‡∑ä ‡∂Ø‡∑ô‡∂±‡∂≠‡∑î‡∂ª‡∑î ‡∂≠‡∑è‡∑Ä‡∂ö‡∑è‡∂Ω‡∑í‡∂ö‡∑Ä ‡∂Ö‡∂≠‡∑ä‡∑Ñ‡∑í‡∂ß‡∑î‡∑Ä‡∂∫‡∑í

-‡∂ö‡∑ú‡∂∏‡∑É‡∑è‡∂ª‡∑í‡∑É‡∑ä ‡∂¢‡∂±‡∂ª‡∑è‡∂Ω‡∑ä

#DGI #Government #Information #Department #News #infodprtsl #Srilanka https://t.co/4XAbtFbFMO",2020-10-23 15:54:14
46,1319566337140809728,‡∂ö‡∑Ñ ‡∑Ä‡∂Ω‡∂ß ‡∂ë‡∂ö‡∂ß ‡∂ë‡∂ö‡∂ö‡∑ä ‡∑Ñ‡∑è‡∂Ω‡∑ä ‡∂ö‡∑Ä‡∂Ω‡∂∏‡∑ä ‡∂ö‡∂ª‡∂± ‡∂á‡∂π‡∂ª‡∑î‡∂∏‡∑ä‡∑Ñ‡∂Ω‡∂ö‡∑ä ‡∂∏‡∑Ñ‡∂±‡∑î‡∑Ä‡∂ª‡∑í‡∂±‡∑ä ‡∑Ä‡∂ß‡∂Ω‡∂∫‡∑í https://t.co/PggsPqgJ5o #srilanka #lka #news #news #breaking #today #president,2020-10-23 09:08:25
47,1319354994475339778,20 ‡∂ß ‡∑É‡∑Ñ‡∂∫ ‡∂Ø‡∑î‡∂±‡∑ä ‡∂∏‡∑î‡∑É‡∑ä‡∂Ω‡∑í‡∂∏‡∑ä ‡∂∏‡∂±‡∑ä‡∂≠‡∑ä‚Äç‡∂ª‡∑ì‡∑Ä‡∂ª‡∂∫‡∑ô‡∂ö‡∑î‡∂ß ‡∂≠‡∑î‡∑Ç‡∑è‡∂ª ‡∂â‡∂Ø‡∑î‡∂±‡∑í‡∂Ω‡∑ä ‡∂ª‡∑î 20‡∂ö‡∑ä ‡∂Ø‡∑ì ‡∂¥‡∑è‡∂ª‡∑ä‡∂Ω‡∑í‡∂∏‡∑ö‡∂±‡∑ä‡∂≠‡∑î‡∑Ä‡∑ö ‡∂Ø‡∑ê‡∂∏‡∑ä‡∂∏ ‡∂±‡∑ù‡∂±‡∑ä‡∂©‡∑í‡∂∫ https://t.co/qnXpmM1ib4 #srilanka #lka #news #news #breaking #today #president,2020-10-22 19:08:37
48,1319269781313179649,Facebook Dating ‡∂¥‡∑Ñ‡∑É‡∑î‡∂ö‡∂∏ ‡∂∫‡∑î‡∂ª‡∑ù‡∂¥‡∂∫‡∑ì‡∂∫ ‡∂ª‡∂ß‡∑Ä‡∂Ω‡∑ä ‡∑Ä‡∂Ω‡∂ß ‡∂Ø ‡∂Ω‡∂∂‡∑è‡∂Ø‡∑ì‡∂∏‡∂ß Facebook ‡∂Ü‡∂∫‡∂≠‡∂±‡∂∫ ‡∂ö‡∂ß‡∂∫‡∑î‡∂≠‡∑î ‡∂ö‡∂ª‡∂∫‡∑í #TechNewsLK #SriLanka #News https://t.co/GZmZO6jAVq,2020-10-22 13:30:01
49,1319239580642467841,2020 ‡∑Ä‡∑É‡∂ª‡∂ß ‡∂Ö‡∂Ø‡∑è‡∑Ö‡∑Ä ‡∂Ω‡∑ù‡∂ö‡∂∫‡∑ö ‡∑Ä‡∑ê‡∂©‡∑í‡∂∏ ‡∑Ä‡∂ß‡∑í‡∂±‡∑è‡∂ö‡∂∏‡∂ö‡∑í‡∂±‡∑ä ‡∂∫‡∑î‡∂≠‡∑ä ‡∑Ä‡∑ô‡∑Ö‡∂≥‡∂±‡∑è‡∂∏‡∂∫ ‡∂∂‡∑Ä‡∂ß Apple ‡∂¥‡∂≠‡∑ä‡∑Ä‡∑ô‡∂∫‡∑í #TechNewsLK #SriLanka #News https://t.co/P39J7kMR3h,2020-10-22 11:30:00
50,1318901107557498880,OnePlus 9 series ‡∂ë‡∂ö ‡∂Ω‡∂∂‡∂± ‡∑Ä‡∑É‡∂ª‡∑ö ‡∂∏‡∑è‡∂ª‡∑ä‡∂≠‡∑î ‡∂∏‡∑è‡∑É‡∂∫‡∑ö‡∂Ø‡∑ì ‡∂ë‡∑Ö‡∑í‡∂Ø‡∑ê‡∂ö‡∑ä‡∑Ä‡∑ì‡∂∏‡∂ß ‡∑É‡∑ñ‡∂Ø‡∑è‡∂±‡∂∏‡∑ä ‡∑Ä‡∂± ‡∂Ω‡∂ö‡∑î‡∂´‡∑î #TechNewsLK #SriLanka #News https://t.co/JuEQM82K4i,2020-10-21 13:05:02
51,1318877191589953536,Intel ‡∑É‡∂∏‡∑è‡∂ú‡∂∏ ‡∂î‡∑Ä‡∑î‡∂±‡∑ä‡∂ú‡∑ö SSD ‡∑Ä‡∑ä‚Äç‡∂∫‡∑è‡∂¥‡∑è‡∂ª‡∂∫ ‚Äç‡∂©‡∑ú‡∑Ö‡∂ª‡∑ä ‡∂∂‡∑í‡∂Ω‡∑í‡∂∫‡∂± 9‡∂ö ‡∂∏‡∑î‡∂Ø‡∂Ω‡∂ö‡∂ß ‡∂ö‡∑ú‡∂ª‡∑í‡∂∫‡∑è‡∂±‡∑î ‡∑É‡∂∏‡∑è‡∂ú‡∂∏‡∂ö‡∂ß ‡∑Ä‡∑í‡∂ö‡∑î‡∂´‡∑è ‡∂Ø‡∑ê‡∂∏‡∑ì‡∂∏‡∂ß ‡∂≠‡∑ì‡∂ª‡∂´‡∂∫ ‡∂ö‡∂ª‡∂∫‡∑í #TechNewsLK #SriLanka #News https://t.co/UhPAnRBKJk,2020-10-21 11:30:00
52,1318852801061998592,‡∑É‡∂Ω‡∑ä‡∂∏‡∂±‡∑ä ‡∂ö‡∑è‡∂±‡∑ä‡∂ú‡∑ö ‡∂¥‡∑Ä‡∑î‡∂Ω ‡∂Ω‡∂Ç‡∂ö‡∑è ‡∂¥‡∑ä‚Äç‡∂ª‡∑ì‡∂∏‡∑í‡∂∫‡∂ª‡∑ä ‡∂Ω‡∑ì‡∂ú‡∑ä (‡∂ë‡∂Ω‡∑ä‡∂¥‡∑ì‡∂ë‡∂Ω‡∑ä) ‡∂ö‡∂´‡∑ä‡∂©‡∑è‡∂∫‡∂∏‡∂ö‡∑ä ‡∂∏‡∑í‡∂Ω‡∂ß ‡∂ú‡∂±‡∑ì https://t.co/dsO0Lj81hY #news- sri lanka #feedly,2020-10-21 09:53:05
53,1318852701745147905,‡∂ö‡∑ú‡∂ß‡∑ä‡∂ß‡∑è‡∑Ä ‡∂∏‡∑è‡∂Ω‡∑î ‡∑Ä‡∑ô‡∑Ö‡∂≥‡∑É‡∑ê‡∂Ω‡∑ö ‡∑É‡∑í‡∑Ä‡∑ä‡∂Ø‡∑ô‡∂±‡∑ô‡∂ö‡∑î‡∂ß ‡∂ö‡∑ú‡∂ª‡∑ù‡∂±‡∑è https://t.co/2v7jyoLr6b‡∂ö‡∑ú‡∂ß‡∑ä‡∂ß‡∑è‡∑Ä-‡∂∏‡∑è‡∂Ω‡∑î-‡∑Ä‡∑ô‡∑Ö‡∂≥‡∑É‡∑ê‡∂Ω‡∑ö-‡∑É‡∑í‡∑Ä‡∑ä‡∂Ø‡∑ô‡∂±‡∑ô‡∂ö‡∑î‡∂ß-‡∂ö‡∑ú‡∂ª‡∑ù‡∂±‡∑è/1-580900 #news- sri lanka #feedly,2020-10-21 09:52:41
54,1318847496177659907,‡∑É‡∑ä‡∑Ä‡∑ì‡∂©‡∂±‡∂∫‡∑ö 5G network ‡∑Ä‡∂Ω‡∂ß Huawei ‡∑É‡∑Ñ ZTE ‡∑É‡∂∏‡∑è‡∂ú‡∂∏‡∑ä ‡∑Ä‡∂Ω ‡∂±‡∑í‡∑Å‡∑ä‡∂¥‡∑è‡∂Ø‡∑í‡∂≠ ‡∂ã‡∂¥‡∑è‡∂Ç‡∂ú ‡∂∑‡∑è‡∑Ä‡∑í‡∂≠‡∑è ‡∂ö‡∑í‡∂ª‡∑ì‡∂∏ ‡∂≠‡∑Ñ‡∂±‡∂∏‡∑ä ‡∂ö‡∂ª‡∂∫‡∑í #TechNewsLK #SriLanka #News https://t.co/Z84qqSTwPJ,2020-10-21 09:32:00
55,1318826423222755328,‡∂±‡∑ú‡∂ö‡∑Ö ‡∑Ä‡∂ª‡∂Ø‡∂ö‡∂ß ‡∑É‡∑í‡∂ª‡∂ú‡∂≠ ‡∂ö‡∑Ö‡∑è ‡∂ë‡∂Ø‡∑è ‡∂≠‡∂∏‡∂∫‡∑í ‡∂∏‡∑ö ‡∂Ø‡∂ª‡∑î‡∑Ä‡∂ú‡∑ö ‡∂¢‡∑ì‡∑Ä‡∑í‡∂≠‡∑ö ‡∂Ö‡∂≥‡∑î‡∂ª‡∑î ‡∑Ä‡∑î‡∂´‡∑ö - ‡∂∏‡∂Ø‡∑ñ‡∑Ç‡∑ä‡∂ú‡∑ö ‡∂±‡∑ê‡∂±‡∑ä‡∂Ø‡∂∫‡∑í ‡∂∏‡∑è‡∂∏‡∂∫‡∑í ‡∂ö‡∑í‡∑Ä‡∑ä‡∑Ä ‡∂ö‡∂≠‡∑è‡∑Ä https://t.co/HwYyB8NwZU #srilanka #lka #news #news #breaking #today #president,2020-10-21 08:08:16
56,1318796512277811202,20 ‡∂ú‡∑ê‡∂± ‡∑Å‡∑ä‚Äç‡∂ª‡∑ì ‡∂Ω‡∂Ç‡∂ö‡∑è ‡∂±‡∑í‡∂Ø‡∑Ñ‡∑É‡∑ä ‡∂¥‡∂ö‡∑ä‡∑Å‡∂∫‡∑ö ‡∂∏‡∂≠‡∂∫ https://t.co/Y9cWHNGoib #srilanka #lka #news #news #breaking #today #president,2020-10-21 06:09:25
57,1318781225847324672,"‡∂ª‡∂Ç‡∂¢‡∂±‡∑ä‡∂ú‡∑ö ‡∂∏‡∑ê‡∂∏‡∑ä‡∂∂‡∂ª‡∑ä | 2020.10.20

#lka #SriLanka #RanjangeMamber #media #COVID_19 #COVID19SL #Government #Information #Department #News #infodprtsl #coronavirus #covid #corona #socialdistancing #virus #coronav #pandemic @infodprtsl

https://t.co/7WQl1DzhUj https://t.co/gbViirZsq5",2020-10-21 05:08:40
58,1318725358275891201,"‡∂Ø‡∑í‡∑Ä‡∂∫‡∑í‡∂± ‡∑Ä‡∂ß‡∑è ‡∑Ä‡∂± ‡∑É‡∑ô‡∑É‡∑î ‡∂∏‡∑î‡∑Ñ‡∑î‡∂Ø‡∑î ‡∂¥‡∑ä‚Äç‡∂ª‡∂Ø‡∑ö‡∑Å ‡∂∏‡∂Ø ‡∑Ä‡∑Å‡∂∫‡∑ô‡∂±‡∑ä ‡∂ª‡∑Ö‡∑î ‡∑Ä‡∑ö.
#News #AdaDeranaSinhala
#‡∂Ö‡∂Ø‡∂Ø‡∑ô‡∂ª‡∂´ #‡∂Ö‡∂Ø‡∂Ø‡∑ô‡∂ª‡∂´‡∑É‡∑í‡∂Ç‡∑Ñ‡∂Ω #COVID19outbreak #COVID #lockdown #QuaratineLife #StayAtHome #COVID„Éº19 #lka #SriLanka #COVID19LK #SriLankan #RT #‡∂ë‡∑É‡∑ê‡∂´‡∑í‡∂±‡∑ä‡∂¥‡∑î‡∑Ä‡∂≠‡∑ä",2020-10-21 01:26:40
59,1318545007540719616,‡∂≠‡∑Ñ‡∂±‡∂∏‡∑ä ‡∂ö‡∑í‡∂ª‡∑ì‡∂∏‡∑ô‡∂±‡∑ä ‡∂Ø‡∑í‡∂± 10‡∂ö‡∂ß ‡∂¥‡∑É‡∑î‡∑Ä ‡∂±‡∑ê‡∑Ä‡∂≠‡∂≠‡∑ä TikTok ‡∂≠‡∑Ñ‡∂±‡∂∏ ‡∂â‡∑Ä‡∂≠‡∑ä ‡∂ö‡∑í‡∂ª‡∑ì‡∂∏‡∂ß ‡∂¥‡∂ö‡∑í‡∑É‡∑ä‡∂Æ‡∑è‡∂±‡∂∫ ‡∂ö‡∂ß‡∂∫‡∑î‡∂≠‡∑î ‡∂ö‡∂ª‡∂∫‡∑í #TechNewsLK #SriLanka #News https://t.co/GJG3SFzPRh,2020-10-20 13:30:01
60,1318475473362448384,‡∂Ö‡∂∞‡∑í‡∂ö ‡∑Ä‡∑ö‡∂ú‡∂∫‡∑ô‡∂±‡∑ä ‡∂ú‡∂∏‡∂±‡∑ä ‡∂ö‡∂ª‡∂± ‡∑Ä‡∑è‡∑Ñ‡∂±‡∂∫‡∂ö ‡∑É‡∑í‡∂ß ‡∑Ä‡∑î‡∑Ä‡∂≠‡∑ä Starlink Internet ‡∑É‡∂∏‡∑ä‡∂∂‡∂±‡∑ä‡∂∞‡∂≠‡∑è‡∑Ä‡∂∫ ‡∂¥‡∑Ä‡∂≠‡∑ä‡∑Ä‡∑è‡∂ú‡∂≠ ‡∑Ñ‡∑ê‡∂ö‡∑í ‡∂∂‡∑Ä Elon Musk ‡∂¥‡∑ä‚Äç‡∂ª‡∂ö‡∑è‡∑Å ‡∂ö‡∂ª‡∂∫‡∑í #TechNewsLK #SriLanka #News https://t.co/ML1J3sb7F3,2020-10-20 08:53:43
61,1318464124884484096,Makandure Madush - ‡∂∏‡∂∞‡∑ñ‡∑Ç‡∑ä ‡∂ú‡∑ê‡∂± ‡∂¥‡∑ú‡∂Ω‡∑í‡∑É‡∑ä ‡∂∏‡∑è‡∂∞‡∑ä‚Äç‡∂∫ ‡∂¥‡∑ä‚Äç‡∂ª‡∂ö‡∑è‡∑Å‡∂ö ‡∂ö‡∑í‡∑Ä‡∑ä‡∑Ä ‡∂ö‡∂≠‡∑è‡∑Ä https://t.co/iOrpp5dzKQ #srilanka #lka #news #news #breaking #today #president,2020-10-20 08:08:37
0,1326698728653139968,‡∂Ö‡∂±‡∑î‡∂ª‡∑è‡∂∞‡∂¥‡∑î‡∂ª ‡∂¥‡∑ô‡∂ª‡∂¥‡∑è‡∑É‡∂Ω‡∑ä ‡∂ú‡∑î‡∂ª‡∑î‡∑Ä‡∂ª‡∑î‡∂±‡∑ä ‡∑É‡∂∏‡∂ú ‡∂î‡∑Ä‡∑î‡∂±‡∑ä‡∂ú‡∑ö ‡∂ú‡∑ê‡∂ß‡∂Ω‡∑î  ‡∑É‡∑è‡∂ö‡∂†‡∑ä‡∂°‡∑è ‡∂ö‡∂ª‡∂∏‡∑í‡∂±‡∑ä #preschoolforall #Playgroup #Nursery #Kids #Education #Fun #PlayandLearn #ChildCare #TheSecondMother #PnMedia #PiyalNishantha #‡∂¥‡∑í‡∂∫‡∂Ω‡∑ä‡∂±‡∑í‡∑Å‡∑è‡∂±‡∑ä‡∂≠ #pnsm #SriLanka #SLPolitician #LKA https://t.co/GQ3lTk7Vg6,2020-11-12 01:30:00
1,1326132162035249153,"‡∑É‡∂∏‡∑è‡∂± ‡∂Ö‡∂∫‡∑í‡∂≠‡∑í‡∑Ä‡∑è‡∑É‡∑í‡∂ö‡∂∏‡∑ä ‡∂Ω‡∑ê‡∂∂‡∑ì‡∂∏ ‡∂¥‡∑ä‚Äç‡∂ª‡∂¢‡∑è‡∂≠‡∂±‡∑ä‡∂≠‡∑ä‚Äç‡∂ª‡∑Ä‡∑è‡∂Ø‡∂∫‡∑ö ‡∑Ñ‡∂ª‡∂∫‡∂∫‡∑í.
‡∂Ö‡∂∞‡∑ä‚Äç‡∂∫‡∑è‡∂¥‡∂±‡∂∫‡∂ß ‡∑É‡∂∏‡∑è‡∂± ‡∂Ö‡∑Ä‡∑É‡∑ä‡∂Æ‡∑è ‡∂≠‡∑í‡∂∂‡∑í‡∂∫ ‡∂∫‡∑î‡∂≠‡∑î ‡∂∫.

#EqualOpportunity #Democracy #Rights #Equality #EqualDistribution #SriLanka #education https://t.co/DoxxgyQXVc",2020-11-10 11:58:40
2,1326077705389891585,"‡∂Ø‡∑ê‡∂±‡∑ä ‡∂≠‡∑ö‡∂ª‡∑ô‡∂±‡∑Ä‡∂±‡∑ö ‡∑Ü‡∑ú‡∂±‡∑ä‡∑É‡∑ö‡∂ö‡∑è ‡∂ö‡∑í‡∂∫‡∂±‡∑ä‡∂±‡∑ö ‡∂ö‡∑Ä‡∑ä‡∂Ø ‡∂ö‡∑í‡∂∫‡∂Ω‡∑è..
#lka
#political #SriLankan",2020-11-10 08:22:16
3,1325474558363791361,"‡∑Ä‡∑í‡∑É‡∑ä‡∑É‡∂∫‡∑í ‡∑Ä‡∑í‡∑É‡∑ä‡∑É ‡∂≠‡∂ª‡∂ü‡∑è‡∑Ä‡∂Ω‡∑í ‡∂¢‡∂∫ ‡∂¥‡∑è‡∂ö‡∑í‡∑É‡∑ä‡∂≠‡∑è‡∂±‡∂∫‡∂ß

‡∑É‡∂Ç‡∂†‡∑è‡∂ª‡∂ö ‡∑É‡∑í‡∂∏‡∑ä‡∂∂‡∑è‡∂∂‡∑ä‡∑Ä‡∑ö ‡∂ö‡∂´‡∑ä‡∂©‡∑è‡∂∫‡∂∏ ‡∂¥‡∂ª‡∂Ø‡∑Ä‡∑è ‡∂Ø‡∑ô‡∑Ä‡∑ê‡∂±‡∑í ‡∑Ä‡∑í‡∑É‡∑ä‡∑É‡∂∫‡∑í ‡∑Ä‡∑í‡∑É‡∑ä‡∑É ‡∂≠‡∂ª‡∂ü ‡∂∫ ‡∂ö‡∂©‡∑î‡∂Ω‡∑î 8‡∂±‡∑ä ‡∂¢‡∂∫‡∂ú‡∑ê‡∂±‡∑ì‡∂∏‡∂ß ‡∑É‡∂≠‡∑ä‡∂ö‡∑è‡∂ª‡∂ö ‡∂¥‡∑è‡∂ö‡∑í‡∑É‡∑ä‡∂≠‡∑è‡∂± ‡∂ö‡∑ä‚Äç‡∂ª‡∑í‡∂ö‡∂ß‡∑ä ‡∂ö‡∂´‡∑ä‡∂©‡∑è‡∂∫‡∂∏ ‡∂Ö‡∂Ø (08) ‡∑É‡∂∏‡∂≠‡∑ä ‡∑Ä‡∑í‡∂∫.
#adaderanasinhala #slnews #lka #Sports

‡∑Ä‡∑ê‡∂©‡∑í ‡∑Ä‡∑í‡∑É‡∑ä‡∂≠‡∂ª - https://t.co/FbMmUbkQNP https://t.co/QfmEGAoTLd",2020-11-08 16:25:35
4,1326698728653139968,‡∂Ö‡∂±‡∑î‡∂ª‡∑è‡∂∞‡∂¥‡∑î‡∂ª ‡∂¥‡∑ô‡∂ª‡∂¥‡∑è‡∑É‡∂Ω‡∑ä ‡∂ú‡∑î‡∂ª‡∑î‡∑Ä‡∂ª‡∑î‡∂±‡∑ä ‡∑É‡∂∏‡∂ú ‡∂î‡∑Ä‡∑î‡∂±‡∑ä‡∂ú‡∑ö ‡∂ú‡∑ê‡∂ß‡∂Ω‡∑î  ‡∑É‡∑è‡∂ö‡∂†‡∑ä‡∂°‡∑è ‡∂ö‡∂ª‡∂∏‡∑í‡∂±‡∑ä #preschoolforall #Playgroup #Nursery #Kids #Education #Fun #PlayandLearn #ChildCare #TheSecondMother #PnMedia #PiyalNishantha #‡∂¥‡∑í‡∂∫‡∂Ω‡∑ä‡∂±‡∑í‡∑Å‡∑è‡∂±‡∑ä‡∂≠ #pnsm #SriLanka #SLPolitician #LKA https://t.co/GQ3lTk7Vg6,2020-11-12 01:30:00
5,1326132162035249153,"‡∑É‡∂∏‡∑è‡∂± ‡∂Ö‡∂∫‡∑í‡∂≠‡∑í‡∑Ä‡∑è‡∑É‡∑í‡∂ö‡∂∏‡∑ä ‡∂Ω‡∑ê‡∂∂‡∑ì‡∂∏ ‡∂¥‡∑ä‚Äç‡∂ª‡∂¢‡∑è‡∂≠‡∂±‡∑ä‡∂≠‡∑ä‚Äç‡∂ª‡∑Ä‡∑è‡∂Ø‡∂∫‡∑ö ‡∑Ñ‡∂ª‡∂∫‡∂∫‡∑í.
‡∂Ö‡∂∞‡∑ä‚Äç‡∂∫‡∑è‡∂¥‡∂±‡∂∫‡∂ß ‡∑É‡∂∏‡∑è‡∂± ‡∂Ö‡∑Ä‡∑É‡∑ä‡∂Æ‡∑è ‡∂≠‡∑í‡∂∂‡∑í‡∂∫ ‡∂∫‡∑î‡∂≠‡∑î ‡∂∫.

#EqualOpportunity #Democracy #Rights #Equality #EqualDistribution #SriLanka #education https://t.co/DoxxgyQXVc",2020-11-10 11:58:40
6,1326077705389891585,"‡∂Ø‡∑ê‡∂±‡∑ä ‡∂≠‡∑ö‡∂ª‡∑ô‡∂±‡∑Ä‡∂±‡∑ö ‡∑Ü‡∑ú‡∂±‡∑ä‡∑É‡∑ö‡∂ö‡∑è ‡∂ö‡∑í‡∂∫‡∂±‡∑ä‡∂±‡∑ö ‡∂ö‡∑Ä‡∑ä‡∂Ø ‡∂ö‡∑í‡∂∫‡∂Ω‡∑è..
#lka
#political #SriLankan",2020-11-10 08:22:16
7,1325474558363791361,"‡∑Ä‡∑í‡∑É‡∑ä‡∑É‡∂∫‡∑í ‡∑Ä‡∑í‡∑É‡∑ä‡∑É ‡∂≠‡∂ª‡∂ü‡∑è‡∑Ä‡∂Ω‡∑í ‡∂¢‡∂∫ ‡∂¥‡∑è‡∂ö‡∑í‡∑É‡∑ä‡∂≠‡∑è‡∂±‡∂∫‡∂ß

‡∑É‡∂Ç‡∂†‡∑è‡∂ª‡∂ö ‡∑É‡∑í‡∂∏‡∑ä‡∂∂‡∑è‡∂∂‡∑ä‡∑Ä‡∑ö ‡∂ö‡∂´‡∑ä‡∂©‡∑è‡∂∫‡∂∏ ‡∂¥‡∂ª‡∂Ø‡∑Ä‡∑è ‡∂Ø‡∑ô‡∑Ä‡∑ê‡∂±‡∑í ‡∑Ä‡∑í‡∑É‡∑ä‡∑É‡∂∫‡∑í ‡∑Ä‡∑í‡∑É‡∑ä‡∑É ‡∂≠‡∂ª‡∂ü ‡∂∫ ‡∂ö‡∂©‡∑î‡∂Ω‡∑î 8‡∂±‡∑ä ‡∂¢‡∂∫‡∂ú‡∑ê‡∂±‡∑ì‡∂∏‡∂ß ‡∑É‡∂≠‡∑ä‡∂ö‡∑è‡∂ª‡∂ö ‡∂¥‡∑è‡∂ö‡∑í‡∑É‡∑ä‡∂≠‡∑è‡∂± ‡∂ö‡∑ä‚Äç‡∂ª‡∑í‡∂ö‡∂ß‡∑ä ‡∂ö‡∂´‡∑ä‡∂©‡∑è‡∂∫‡∂∏ ‡∂Ö‡∂Ø (08) ‡∑É‡∂∏‡∂≠‡∑ä ‡∑Ä‡∑í‡∂∫.
#adaderanasinhala #slnews #lka #Sports

‡∑Ä‡∑ê‡∂©‡∑í ‡∑Ä‡∑í‡∑É‡∑ä‡∂≠‡∂ª - https://t.co/FbMmUbkQNP https://t.co/QfmEGAoTLd",2020-11-08 16:25:35
8,1326698728653139968,‡∂Ö‡∂±‡∑î‡∂ª‡∑è‡∂∞‡∂¥‡∑î‡∂ª ‡∂¥‡∑ô‡∂ª‡∂¥‡∑è‡∑É‡∂Ω‡∑ä ‡∂ú‡∑î‡∂ª‡∑î‡∑Ä‡∂ª‡∑î‡∂±‡∑ä ‡∑É‡∂∏‡∂ú ‡∂î‡∑Ä‡∑î‡∂±‡∑ä‡∂ú‡∑ö ‡∂ú‡∑ê‡∂ß‡∂Ω‡∑î  ‡∑É‡∑è‡∂ö‡∂†‡∑ä‡∂°‡∑è ‡∂ö‡∂ª‡∂∏‡∑í‡∂±‡∑ä #preschoolforall #Playgroup #Nursery #Kids #Education #Fun #PlayandLearn #ChildCare #TheSecondMother #PnMedia #PiyalNishantha #‡∂¥‡∑í‡∂∫‡∂Ω‡∑ä‡∂±‡∑í‡∑Å‡∑è‡∂±‡∑ä‡∂≠ #pnsm #SriLanka #SLPolitician #LKA https://t.co/GQ3lTk7Vg6,2020-11-12 01:30:00
9,1326132162035249153,"‡∑É‡∂∏‡∑è‡∂± ‡∂Ö‡∂∫‡∑í‡∂≠‡∑í‡∑Ä‡∑è‡∑É‡∑í‡∂ö‡∂∏‡∑ä ‡∂Ω‡∑ê‡∂∂‡∑ì‡∂∏ ‡∂¥‡∑ä‚Äç‡∂ª‡∂¢‡∑è‡∂≠‡∂±‡∑ä‡∂≠‡∑ä‚Äç‡∂ª‡∑Ä‡∑è‡∂Ø‡∂∫‡∑ö ‡∑Ñ‡∂ª‡∂∫‡∂∫‡∑í.
‡∂Ö‡∂∞‡∑ä‚Äç‡∂∫‡∑è‡∂¥‡∂±‡∂∫‡∂ß ‡∑É‡∂∏‡∑è‡∂± ‡∂Ö‡∑Ä‡∑É‡∑ä‡∂Æ‡∑è ‡∂≠‡∑í‡∂∂‡∑í‡∂∫ ‡∂∫‡∑î‡∂≠‡∑î ‡∂∫.

#EqualOpportunity #Democracy #Rights #Equality #EqualDistribution #SriLanka #education https://t.co/DoxxgyQXVc",2020-11-10 11:58:40
10,1326077705389891585,"‡∂Ø‡∑ê‡∂±‡∑ä ‡∂≠‡∑ö‡∂ª‡∑ô‡∂±‡∑Ä‡∂±‡∑ö ‡∑Ü‡∑ú‡∂±‡∑ä‡∑É‡∑ö‡∂ö‡∑è ‡∂ö‡∑í‡∂∫‡∂±‡∑ä‡∂±‡∑ö ‡∂ö‡∑Ä‡∑ä‡∂Ø ‡∂ö‡∑í‡∂∫‡∂Ω‡∑è..
#lka
#political #SriLankan",2020-11-10 08:22:16
11,1325474558363791361,"‡∑Ä‡∑í‡∑É‡∑ä‡∑É‡∂∫‡∑í ‡∑Ä‡∑í‡∑É‡∑ä‡∑É ‡∂≠‡∂ª‡∂ü‡∑è‡∑Ä‡∂Ω‡∑í ‡∂¢‡∂∫ ‡∂¥‡∑è‡∂ö‡∑í‡∑É‡∑ä‡∂≠‡∑è‡∂±‡∂∫‡∂ß

‡∑É‡∂Ç‡∂†‡∑è‡∂ª‡∂ö ‡∑É‡∑í‡∂∏‡∑ä‡∂∂‡∑è‡∂∂‡∑ä‡∑Ä‡∑ö ‡∂ö‡∂´‡∑ä‡∂©‡∑è‡∂∫‡∂∏ ‡∂¥‡∂ª‡∂Ø‡∑Ä‡∑è ‡∂Ø‡∑ô‡∑Ä‡∑ê‡∂±‡∑í ‡∑Ä‡∑í‡∑É‡∑ä‡∑É‡∂∫‡∑í ‡∑Ä‡∑í‡∑É‡∑ä‡∑É ‡∂≠‡∂ª‡∂ü ‡∂∫ ‡∂ö‡∂©‡∑î‡∂Ω‡∑î 8‡∂±‡∑ä ‡∂¢‡∂∫‡∂ú‡∑ê‡∂±‡∑ì‡∂∏‡∂ß ‡∑É‡∂≠‡∑ä‡∂ö‡∑è‡∂ª‡∂ö ‡∂¥‡∑è‡∂ö‡∑í‡∑É‡∑ä‡∂≠‡∑è‡∂± ‡∂ö‡∑ä‚Äç‡∂ª‡∑í‡∂ö‡∂ß‡∑ä ‡∂ö‡∂´‡∑ä‡∂©‡∑è‡∂∫‡∂∏ ‡∂Ö‡∂Ø (08) ‡∑É‡∂∏‡∂≠‡∑ä ‡∑Ä‡∑í‡∂∫.
#adaderanasinhala #slnews #lka #Sports

‡∑Ä‡∑ê‡∂©‡∑í ‡∑Ä‡∑í‡∑É‡∑ä‡∂≠‡∂ª - https://t.co/FbMmUbkQNP https://t.co/QfmEGAoTLd",2020-11-08 16:25:35
0,1324607691340369920,"‡∑É‡∑í‡∂∫‡∑Ö‡∑î‡∂∏ ‡∑Å‡∑ä‚Äç‡∂ª‡∑ì‡∂Ω‡∂Ç‡∂ö‡∑è‡∑Ä‡∑ö ‡∂¥‡∑è‡∑É‡∂Ω‡∑ä ‡∂ú‡∑î‡∂ª‡∑î‡∑Ä‡∂ª‡∑î‡∂±‡∑ä ‡∑É‡∂≥‡∑Ñ‡∑è ‡∂©‡∑í‡∂¢‡∑í‡∂ß‡∂Ω‡∑ä-‡∂≠‡∑è‡∂ö‡∑ä‡∑Ç‡∂´‡∂∫ ‡∂∏‡∂ú‡∑í‡∂±‡∑ä (Zoom, Jitsi, Teams, etc..) online ‡∂¥‡∂Ç‡∂≠‡∑í ‡∂¥‡∑Ä‡∂≠‡∑ä‡∑Ä‡∂± ‡∂Ü‡∂ö‡∑è‡∂ª‡∂∫, online presentation, Youtube ‡∂ú‡∑ê‡∂± ‡∂Ø‡∑ê‡∂±‡∑î‡∑Ä‡∂≠‡∑ä ‡∂ö‡∑í‡∂ª‡∑ì‡∂∏ ‡∂ö‡∂ª‡∂±‡∑î ‡∂Ω‡∑ê‡∂∂‡∑ö. Inbox/DM ‡∑Ñ‡∂ª‡∑Ñ‡∑è ‡∂Ö‡∂∏‡∂≠‡∂±‡∑ä‡∂±. ‡∑É‡∑ö‡∑Ä‡∂∫‡∂ö‡∑ä ‡∂Ω‡∑ô‡∑É ‡∂ö‡∂ª‡∂±‡∑î ‡∂Ω‡∑ê‡∂∂‡∑ö. ‡∂î‡∂∂‡∂≠‡∑ä ‡∂ö‡∑ê‡∂∏‡∂≠‡∑í ‡∂±‡∂∏‡∑ä ‡∂ë‡∂ö‡∂≠‡∑î‡∑Ä‡∂±‡∑ä‡∂±. #Covid19 #SriLanka #Education https://t.co/14Ts8iQmNq",2020-11-06 07:00:58
0,1329424196472950785,iOS update ‡∑Ñ‡∂ª‡∑Ñ‡∑è ‡∂¥‡∑ê‡∂ª‡∂´‡∑í iPhone slow ‡∂ö‡∂ª‡∑Ä‡∑ì‡∂∏ ‡∂±‡∑í‡∑É‡∑è‡∑Ä‡∑ô‡∂±‡∑ä ‡∂≠‡∑Ä‡∂≠‡∑ä ‡∂©‡∑ú‡∑Ö‡∂ª‡∑ä ‡∂∏‡∑í‡∂Ω‡∑í‡∂∫‡∂± 113‡∂ö ‡∑Ä‡∂±‡∑ä‡∂Ø‡∑í‡∂∫‡∂ö‡∑ä ‡∂ú‡∑ô‡∑Ä‡∑ì‡∂∏‡∂ß Apple ‡∑É‡∂∏‡∑è‡∂ú‡∂∏‡∂ß ‡∑É‡∑í‡∂Ø‡∑î ‡∑Ä‡∑ô‡∂∫‡∑í #TechNewsLK #SriLanka #News https://t.co/OQTUEzObtM,2020-11-19 14:00:02
1,1329422515605704704,"‡∂∏‡∑ö ‡∂Ü‡∂Ø‡∂ª‡∂´‡∑ì‡∂∫ ‡∂Ø‡∂ª‡∑î‡∑Ä‡∑è ‡∂ú‡∑ê‡∂± ‡∂í ‡∂ã‡∑É 
teacher ‡∂Ω‡∑í‡∑Ä‡∑ä‡∑Ä ‡∂Ö‡∑Ä‡∑É‡∂± ‡∂ö‡∂≠‡∑è‡∑Ä ‡∂ö‡∑í‡∂∫‡∑Ä‡∂±‡∑ä‡∂±.

‡∂¥‡∑Ñ‡∂≠ ‡∑Ü‡∑ö‡∑É‡∑ä‡∂∂‡∑î‡∂ö‡∑ä ‡∂¥‡∑í‡∂ß‡∑î‡∑Ä‡∂ß ‡∂¥‡∑í‡∑Ä‡∑í‡∑É‡∑ô‡∂±‡∑ä‡∂± 

https://t.co/5lay74ZcuZ

#slsocialwork
#differentlyabled
#positivethinking
#humanity
#chilove
#education
#specialneeds https://t.co/fSJooJru2J",2020-11-19 13:53:21
2,1329400610928484352,"üëâ‡∂¢‡∑è‡∂≠‡∑í‡∂ö ‡∂∏‡∂ß‡∑ä‡∂ß‡∂∏‡∑í‡∂±‡∑ä ‡∂ö‡∑ú‡∑Ä‡∑í‡∂©‡∑ä-19 ‡∑Ä‡∑õ‡∂ª‡∑É‡∂∫ ‡∂∏‡∑ê‡∂©‡∂¥‡∑ê‡∑Ä‡∑ê‡∂≠‡∑ä‡∑Ä‡∑ì‡∂∏
#ICTA @icta_srilanka
#Srilankan #Srilanka #lka #Lanka #Ceylon #DGI #News #infodprtsl #Coronavirus #Covid @SrilankaPMO https://t.co/rcuxxRCa69",2020-11-19 12:26:19
3,1329393895751507974,"‡∂±‡∑î‡∑Ä‡∂±‡∑ä ‡∑É‡∑ú‡∂∫‡∑í‡∑É‡∑è ‡∑Ä‡∑ê‡∂ª‡∂Ø‡∑í‡∂ö‡∂ª‡∑î‡∑Ä‡∑ô‡∂ö‡∑ä - ‡∂Ö‡∂∫‡∑í‡∑É‡∑ì‡∑É‡∑ì

‡∑Å‡∑ä‚Äç‡∂ª‡∑ì ‡∂Ω‡∂Ç‡∂ö‡∑è ‡∂ö‡∂´‡∑ä‡∂©‡∑è‡∂∫‡∂∏‡∑ö ‡∑Ñ‡∑í‡∂ß‡∂¥‡∑î ‡∑Ä‡∑ö‡∂ú ‡∂¥‡∂±‡∑ä‡∂Ø‡∑î ‡∂∫‡∑Ä‡∂±‡∑ä‡∂±‡∑ô‡∂ö‡∑ä ‡∑Ä‡∂± ‡∂±‡∑î‡∑Ä‡∂±‡∑ä ‡∑É‡∑ú‡∂∫‡∑í‡∑É‡∑è ‡∂ö‡∑ä‚Äç‡∂ª‡∑í‡∂ö‡∂ß‡∑ä ‡∂Ø‡∑ñ‡∑Ç‡∂´ ‡∑É‡∂∏‡∑ä‡∂∂‡∂±‡∑ä‡∂∞ ‡∑Ä‡∑ê‡∂ª‡∂Ø‡∑í ‡∂≠‡∑î‡∂±‡∂ö‡∑ä ‡∑É‡∂≥‡∑Ñ‡∑è ‡∑Ä‡∑ê‡∂ª‡∂Ø‡∑í‡∂ö‡∂ª‡∑î ‡∂∂‡∑Ä ‡∂¢‡∑è‡∂≠‡∑ä‚Äç‡∂∫‡∂±‡∑ä‡∂≠‡∂ª ‡∂ö‡∑ä‚Äç‡∂ª‡∑í‡∂ö‡∂ß‡∑ä ‡∂ö‡∑Ä‡∑î‡∂±‡∑ä‡∑É‡∑í‡∂Ω‡∂∫ ‡∂¥‡∑Ä‡∑É‡∂∫‡∑í.
#adaderanasinhala #lka #slnews #sports #ICC #cricket 

‡∑Ä‡∑ê‡∂©‡∑í ‡∑Ä‡∑í‡∑É‡∑ä‡∂≠‡∂ª -  https://t.co/JIsNN14OeC https://t.co/oUrpHOI1Kt",2020-11-19 11:59:38
4,1329375500326768640,"T10 ‡∂Ω‡∑ì‡∂ú‡∂∫‡∑ö ‡∂Ø‡∑ñ‡∑Ç‡∂´ ‡∂†‡∑ù‡∂Ø‡∂±‡∑è ‡∂∏‡∂≠ ‡∂±‡∑î‡∑Ä‡∂±‡∑ä ‡∑É‡∑ú‡∂∫‡∑í‡∑É‡∑è‡∂ß ‡∑É‡∑Ñ ‡∂Ö‡∑Ä‡∑í‡∑Ç‡∑ä‡∂ö ‡∂ú‡∑î‡∂´‡∑Ä‡∂ª‡∑ä‡∂∞‡∂±‡∂ß ‡∂ö‡∑ä‚Äç‡∂ª‡∑í‡∂ö‡∂ß‡∑ä ‡∂≠‡∑Ñ‡∂±‡∂∏‡∂ö‡∑ä. https://t.co/HdIFZCAZJj 
#Cricket #lka #LK #news",2020-11-19 10:46:32
5,1329060779325272067,"‡∂∏‡∂∏ ‡∑É‡∑í‡∂ª‡∑É ‡∂ß‡∑ì‡∑Ä‡∑ì ‡∂ë‡∂ö‡∑ö ‡∂±‡∑í‡∑Ä‡∑î‡∑É‡∑ä ‡∂∂‡∂Ω ‡∂∂‡∂Ω ‡∂â‡∂Ø‡∑ä‡∂Ø‡∑í ‡∂Ö‡∂∏‡∑ä‡∂∏‡∑è ‡∂ö‡∑í‡∂∫‡∂±‡∑ä‡∂±‡∑ô‡∂∏ ‡∂Ø‡∑ô‡∂ª‡∂´ ‡∂±‡∑í‡∑Ä‡∑î‡∑É‡∑ä ‡∂Ø‡∑è‡∂±‡∑ä‡∂± ‡∂ö‡∑í‡∂∫‡∂Ω‡∑è...‡∂á‡∂∫‡∑í ‡∂ö‡∑í‡∂∫‡∂Ω‡∑è ‡∂á‡∑Ñ‡∑î‡∑Ä‡∂∏ ‡∑É‡∑í‡∂ª‡∑É ‡∂ë‡∂ö‡∑ö ‡∂∫‡∂± ‡∂±‡∑í‡∑Ä‡∑î‡∑É‡∑ä ‡∑Ä‡∂Ω ‡∂∫‡∂±‡∑ä‡∂±‡∑ö ‡∑Ñ‡∂∫‡∑í‡∂∫‡∑ô‡∂±‡∑ä ‡∂ö‡∑ë ‡∂ú‡∑Ñ‡∂Ω ‡∂∂‡∂±‡∑í‡∂± ‡∑Ä‡∑í‡∑Ä‡∑ö‡∂†‡∂± ‡∂í‡∑Ä‡∂Ω‡∑î..‡∂Ø‡∑ô‡∂ª‡∂´‡∑ô ‡∂ë‡∂ö‡∑ö ‡∂ë‡∑Ñ‡∑ô‡∂∏ ‡∂±‡∑ë‡∂Ω‡∑î...üò¢üò¢üò¢

#News #SriLanka",2020-11-18 13:55:57
6,1329040955433906176,Huawei Honor smartphone ‡∑Ä‡∑ä‚Äç‡∂∫‡∑è‡∂¥‡∑è‡∂ª‡∂∫ ‡∑Ä‡∑ô‡∂±‡∂≠‡∑ä ‡∂†‡∑ì‡∂± ‡∑É‡∂∏‡∑è‡∂ú‡∂∏‡∂ö‡∂ß ‡∑Ä‡∑í‡∂ö‡∑î‡∂´‡∑è‡∂Ø‡∂∏‡∂± ‡∂∂‡∑Ä Huawei ‡∑É‡∂∏‡∑è‡∂ú‡∂∏ ‡∂±‡∑í‡∑Ö ‡∑Ä‡∑Å‡∂∫‡∑ô‡∂±‡∑ä ‡∂±‡∑í‡∑Ä‡∑ö‡∂Ø‡∂±‡∂∫ ‡∂ö‡∂ª‡∂∫‡∑í #TechNewsLK #SriLanka #News https://t.co/3tY2zZXSMM,2020-11-18 12:37:10
7,1329033964703653889,‡∂Ω‡∑ù‡∂ö‡∂∫ ‡∂∫‡∂± ‡∂ª‡∂ß‡∑è‡∑Ä‡∑ô‡∂±‡∑ä ‡∂Ω‡∂Ç‡∂ö‡∑è‡∑Ä ‡∑Ä‡∑í‡∂Ø‡∑í‡∑Ñ‡∂ß ‡∂Ö‡∂¥‡∑í‡∂ß ‡∂ú‡∑ê‡∂Ω‡∑Ä‡∑ì‡∂∏‡∂ö‡∑î‡∂≠‡∑ä ‡∂±‡∑ë ‡∑Ä‡∑õ‡∂Ø‡∑ä‚Äç‡∂∫ ‡∑É‡∂Ç‡∂ú‡∂∏‡∂∫ ‡∂ö‡∑í‡∂∫‡∂∫‡∑í https://t.co/fmQmhdWyX9 #srilanka #lka #news #news #breaking #today #president,2020-11-18 12:09:24
8,1329024059724623872,OnePlus Buds ‡∂©‡∑ú‡∂Ω‡∂ª‡∑ä 1‡∂ö ‡∂∏‡∑î‡∂Ø‡∂Ω‡∂ö‡∂ß‡∂≠‡∑ä OnePlus 7T ‡∂Ø‡∑î‡∂ª‡∂ö‡∂≠‡∂±‡∂∫ ‡∂©‡∑ú‡∂Ω‡∂ª‡∑ä 349‡∂ö ‡∂∏‡∑î‡∂Ø‡∂Ω‡∂ö‡∂ß‡∂≠‡∑ä ‡∂Ω‡∂∂‡∑è‡∂Ø‡∑ì‡∂∏‡∂ß OnePlus ‡∑É‡∂∏‡∑è‡∂ú‡∂∏ ‡∂ö‡∂ß‡∂∫‡∑î‡∂≠‡∑î ‡∂ö‡∂ª‡∂∫‡∑í #TechNewsLK #SriLanka #News https://t.co/nNwulhJzGZ,2020-11-18 11:30:02
9,1328943248795185153,‡∑Ä‡∑í‡∑Ä‡∑ö‡∂†‡∂± ‡∂Ø‡∂ª‡∑è‡∂ú‡∂±‡∑ä‡∂±‡∂≠‡∑ä ‡∂¢‡∂±‡∑è‡∂∞‡∑í‡∂¥‡∂≠‡∑í‡∂≠‡∑î‡∂∏‡∑è ‡∂¥‡∑î‡∂ª‡∑î‡∂Ø‡∑î ‡∑Ä‡∑ô‡∂±‡∑ä‡∂± https://t.co/qm2aQOF7hE #srilanka #lka #news #news #breaking #today #president,2020-11-18 06:08:55
10,1328929633312522241,"‡∂∏‡∂∏ ‡∂ö‡∑è‡∂Ω‡∑ô‡∂ö‡∂ß ‡∂ö‡∂Ω‡∑í‡∂±‡∑ä ‡∂ª‡∑î‡∂¥‡∑Ä‡∑è‡∑Ñ‡∑í‡∂±‡∑ö #news ‡∂∂‡∂Ω‡∂± ‡∂ë‡∂ö ‡∂±‡∂≠‡∂ª ‡∂ö‡∂ª‡∂¥‡∑î ‡∂ë‡∂ö ‡∑Ñ‡∑ú‡∂Ø‡∂∫‡∑í ‡∂ö‡∑í‡∂∫‡∂Ω‡∑è ‡∂Ø‡∑ê‡∂±‡∑ä ‡∑Ñ‡∂ß ‡∑Ñ‡∑í‡∂≠‡∑ô‡∂±‡∑Ä‡∑è...
‡∂á‡∂∫‡∑í ‡∂∫‡∂ö‡∑ú ‡∂±‡∑í‡∂ö‡∂±‡∑ä #‡∂†‡∑í‡∂±_‡∑É‡∂ª‡∑ä‡∂ö‡∑É‡∑ä ‡∂ë‡∂ö‡∂ö‡∑ä ‡∂Ω‡∂∫‡∑í‡∑Ä‡∑ä ‡∂¥‡∑ô‡∂±‡∑ä‡∂±‡∂±‡∑Ä‡∑è ‡∑Ä‡∂ú‡∑ö..

‡∑É‡∂∏‡∑Ñ‡∂ª‡∑î ‡∂Ö‡∂∏‡∑î‡∑Ä‡∑ô‡∂±‡∑ä ‡∂∏‡∑è‡∂Ω‡∑î ‡∂ö‡∂±‡∑Ä‡∑è..
‡∂≠‡∑Ä ‡∂Ö‡∂∫ ‡∂ë‡∂ö ‡∂ë‡∂ö ‡∂ö‡∑ú‡∂Ω‡∂±‡∑ä ‡∂ö‡∂ª‡∂±‡∑Ä‡∑è ‡∂†‡∑í‡∂± ‡∑É‡∂ª‡∑ä‡∂ö‡∑É‡∑ä ‡∂¥‡∂ª‡∑è‡∂Ø‡∂∫‡∑í...",2020-11-18 05:14:49
11,1328702000188387329,"‡∂¢‡∑è‡∂≠‡∑ä‚Äç‡∂∫‡∂±‡∑ä‡∂≠‡∂ª ‡∂ö‡∑ä‚Äç‡∂ª‡∑í‡∂ö‡∂ß‡∑ä ‡∑É‡∂≥‡∑Ñ‡∑è ‡∂≠‡∑ú‡∂ª‡∂≠‡∑î‡∂ª‡∑î ‡∂≠‡∑è‡∂ö‡∑ä‡∑Ç‡∂´‡∂∫ ‡∑Ñ‡∑è ‡∂±‡∑Ä‡∑ì‡∂± ‡∂≠‡∑è‡∂ö‡∑ä‡∑Ç‡∂´‡∑í‡∂ö ‡∂¥‡∑Ñ‡∑É‡∑î‡∂ö‡∂∏‡∑ä ‡∑É‡∑Ñ‡∑í‡∂≠ ‡∂±‡∑Ä‡∑ì‡∂± ‡∂ö‡∑ä‚Äç‡∂ª‡∑ì‡∂©‡∑è ‡∂±‡∂ú‡∂ª‡∂∫‡∂ö‡∑ä ‡∑É‡∑ñ‡∂ª‡∑í‡∂∫‡∑Ä‡∑ê‡∑Ä ‡∂¥‡∑ä‚Äç‡∂ª‡∂Ø‡∑ö‡∑Å‡∂∫‡∑ö ‡∂â‡∂Ø‡∑í‡∂ª‡∑í ‡∂ö‡∑í‡∂ª‡∑ì‡∂∏‡∂ß ‡∂∫‡∑ù‡∂¢‡∂±‡∑è..
#Budget2021LK #Sports https://t.co/tk4ShU35kU",2020-11-17 14:10:17
12,1328701881107922944,"‡∂ö‡∑ò‡∂≠‡∑ä‚Äç‡∂ª‡∑ì‡∂∏ ‡∂∞‡∑è‡∑Ä‡∂± ‡∂¥‡∂Æ 15‡∂ö‡∑ä ‡∂â‡∂Ø‡∑í‡∂ö‡∑í‡∂ª‡∑ì‡∂∏‡∂ß ‡∂Ö‡∂∫‡∑Ä‡∑ê‡∂∫‡∑ô‡∂±‡∑ä ‡∂∫‡∑ù‡∂¢‡∂±‡∑è....
#Budget2021LK #Sports @RajapaksaNamal https://t.co/3pv3jebWLH",2020-11-17 14:09:49
13,1328687618695913472,"‡∑Å‡∑í‡∑Ç‡∑ä‚Äç‡∂∫‡∂≠‡∑ä‡∑Ä ‡∂¥‡∑ä‚Äç‡∂ª‡∂≠‡∑í‡∂¥‡∂Ω‡∂∫‡∑ô‡∂±‡∑ä ‡∂ã‡∂ú‡∂≠‡∑Ñ‡∑ê‡∂ö‡∑í ‡∂Ø‡∑ö ?

‡∂¥‡∑è‡∂±‡∑ä‡∂Ø‡∂ª 5 ‡∑É‡∑í‡∂ß ‡∂ª‡∑ë 10 ‡∂Ø‡∂ö‡∑ä‡∑Ä‡∑è ‡∂ß‡∑í‡∂∫‡∑î‡∑Å‡∂±‡∑ä ‡∂∫‡∑è‡∂∏‡∑ô‡∂±‡∑ä ‡∂±‡∑ú‡∑Ä ‡∂ú‡∑ô‡∂Ø‡∂ª ‡∑É‡∑í‡∂ß ‡∂¥‡∑è‡∂©‡∂∏‡∑ä ‡∂ö‡∑í‡∂ª‡∑ì‡∂∏‡∑ô‡∂±‡∑ä ‡∂ã‡∂¥‡∂ª‡∑í‡∂∏ ‡∂¥‡∑ä‚Äç‡∂ª‡∂≠‡∑í‡∂¥‡∂Ω ‡∂Ω‡∂∂‡∑è‡∂ú‡∂ß ‡∑Ñ‡∑ê‡∂ö‡∑í ‡∂∂‡∑Ä‡∂∫‡∑í 
#ThankyouCovid

#‡∂ã‡∂ú‡∂≠‡∑ä‡∂¥‡∑è‡∂©‡∂∏‡∑ä‡∂ö‡∑ú‡∂∏‡∑í‡∑É‡∂∏‡∑ö‡∂¥‡∂´‡∑í‡∑Ä‡∑í‡∂©‡∂∫‡∂ö‡∑ä 

#sideeffectofcovid19 #Covid_19 #SriLanka #education",2020-11-17 13:13:08
14,1328684314339332097,Spotify ‡∑É‡∂∏‡∑è‡∂ú‡∂∏ ‡∑Ä‡∑í‡∑É‡∑í‡∂±‡∑ä Podcasts ‡∑É‡∂≥‡∑Ñ‡∑è subscription ‡∂ë‡∂ö‡∂ö‡∑ä ‡∑Ñ‡∂≥‡∑î‡∂±‡∑ä‡∑Ä‡∑è‡∂Ø‡∑ì‡∂∏‡∂ß ‡∑É‡∑ñ‡∂Ø‡∑è‡∂±‡∂∏‡∑ä ‡∑Ä‡∂± ‡∂Ω‡∂ö‡∑î‡∂´‡∑î #TechNewsLK #SriLanka #News https://t.co/ThlvlVPqUL,2020-11-17 13:00:00
15,1328661665135554562,2021 ‡∑Ä‡∑É‡∂ª‡∑ö‡∂Ø‡∑ì Galaxy Note ‡∂∏‡∑è‡∂Ø‡∑í‡∂Ω‡∑í‡∂∫‡∂ö‡∑ä ‡∂±‡∑í‡∂ö‡∑î‡∂≠‡∑ä ‡∂ö‡∑í‡∂ª‡∑ì‡∂∏ ‡∂Ö‡∂≠‡∑Ñ‡∑ê‡∂ª‡∂Ø‡∑ê‡∂∏‡∑ì‡∂∏‡∂ß Samsung ‡∑É‡∂∏‡∑è‡∂ú‡∂∏ ‡∑É‡∑ñ‡∂Ø‡∑è‡∂±‡∂∏‡∑ä ‡∑Ä‡∂± ‡∂Ω‡∂ö‡∑î‡∂´‡∑î #TechNewsLK #SriLanka #News https://t.co/NkYRDY7unu,2020-11-17 11:30:00
16,1328626066852868097,‡∂Ø‡∑ê‡∂±‡∑ä ‡∂∂‡∑ê‡∑É‡∑í‡∂Ω‡∑ä ‡∂±‡∑ê‡∂≠‡∑î‡∑Ä ‡∂∏‡∑ö‡∂ö ‡∂ö‡∂ª‡∂±‡∑ä‡∂± ‡∂∂‡∑ë ‡∂ö‡∑í‡∂∫‡∂±‡∑Ä‡∑è ‡∂∂‡∑ê‡∂ª‡∑í ‡∂ë‡∂ö‡∑è‡∂ß ‡∂∏‡∑ú‡∂ö‡∑è ‡∂ú‡∑ô‡∂±‡∑è‡∑Ä‡∂≠‡∑ä ‡∂∂‡∑ë ‡∂≠‡∂∏‡∂∫‡∑í https://t.co/ITtwIKjZ8C #srilanka #lka #news #news #breaking #today #president,2020-11-17 09:08:33
17,1328626064818659328,‡∂¥‡∑ú‡∂Ω‡∑ì‡∑É‡∑í‡∂∫‡∂ß ‡∂≠‡∑Ä‡∂≠‡∑ä ‡∂±‡∑í‡∂ª‡∑ù‡∂∞‡∑è‡∂∫‡∂± ‡∂∏‡∂∞‡∑ä‚Äç‡∂∫‡∑É‡∑ä‡∂Æ‡∑è‡∂±‡∂∫‡∂ö‡∑ä https://t.co/ueJrNopgGX #srilanka #lka #news #news #breaking #today #president,2020-11-17 09:08:33
18,1328567068975894530,"‡∂Ö‡∂∏‡∑è‡∂≠‡∑ä‚Äç‡∂∫ ‡∂∏‡∂´‡∑ä‡∂©‡∂Ω ‡∂≠‡∑ì‡∂ª‡∂´ ‡∂Ø‡∑ê‡∂±‡∑î‡∂∏‡∑ä ‡∂Ø‡∑ì‡∂∏‡∑ö ‡∂∏‡∑è‡∂∞‡∑ä‚Äç‡∂∫ ‡∑Ñ‡∂∏‡∑î‡∑Ä ‡∂Ö‡∂Ø(17) ‡∂¥‡∑ô.‡∑Ä 11.30 ‡∂ß ‡∑Ü‡∑ö‡∑É‡∑ä‡∂∂‡∑î‡∂ö‡∑ä ‡∂¥‡∑í‡∂ß‡∑î‡∑Ä ‡∂î‡∑É‡∑ä‡∑É‡∑ö  ‡∑É‡∂¢‡∑ì‡∑Ä‡∑ì‡∑Ä ‡∂∂‡∂Ω‡∑è‡∂¥‡∑ú‡∂ª‡∑ú‡∂≠‡∑ä‡∂≠‡∑î ‡∑Ä‡∂±‡∑ä‡∂±
#Srilankan #Srilanka #lka #Lanka #Ceylon #DGI #Government #Information #Department #News #Press #CabinetDecisions #infodprtsl https://t.co/AaChQFLwGr",2020-11-17 05:14:07
19,1328495570219012096,Spotify ‡∂∑‡∑è‡∑Ä‡∑í‡∂≠‡∂∫‡∑ô‡∂±‡∑ä Podcast ‡∂Ö‡∑É‡∂±‡∑ä‡∂±‡∂±‡∑ä ‡∑Ñ‡∂ß Your Episodes ‡∂±‡∂∏‡∑ä ‡∂±‡∑Ä ‡∂Ö‡∂Ç‡∂ú‡∂∫‡∂ö‡∑ä ‡∂ë‡∂ö‡∑ä ‡∂ö‡∑í‡∂ª‡∑ì‡∂∏‡∂ß ‡∂ö‡∂ß‡∂∫‡∑î‡∂≠‡∑î ‡∂ö‡∂ª‡∂∫‡∑í #TechNewsLK #SriLanka #News https://t.co/cTV2nnd7Us,2020-11-17 00:30:00
20,1328301180053712897,‡∂¥‡∑Ñ‡∑ö ‡∑Å‡∑í‡∑Ç‡∑ä‚Äç‡∂∫‡∂≠‡∑ä‡∑Ä‡∂∫‡∑ô‡∂±‡∑ä 200/200 ‡∂Ö‡∂ª‡∂±‡∑ä ‡∑Ä‡∑è‡∂ª‡∑ä‡∂≠‡∑è ‡∂≠‡∑ê‡∂∂‡∑ñ ‡∑Ñ‡∂¥‡∂±‡∑ä‡∂±‡∑î 10 ‡∂Ø‡∑ô‡∂±‡∑è https://t.co/OlpDclEokE #news- sri lanka #feedly,2020-11-16 11:37:34
21,1328293778873085952,‡∑Å‡∑í‡∑Ç‡∑ä‚Äç‡∂∫‡∂≠‡∑ä‡∑Ä ‡∑Ä‡∑í‡∂∑‡∑è‡∂ú‡∂∫‡∑ö ‡∂∏‡∑ô‡∑Ä‡∂ª 200 ‡∂Ω‡∂∂‡∑è‡∂ú‡∂≠‡∑ä ‡∑É‡∑í‡∑É‡∑î‡∂±‡∑ä 10 ‡∂∫‡∑í ‡∂Ö‡∂∞‡∑ä‚Äç‡∂∫‡∑è‡∂¥‡∂± ‡∂Ö‡∂∏‡∑è‡∂≠‡∑ä‚Äç‡∂∫‡∑è‡∂Ç‡∑Å‡∂∫‡∑ö ‡∂Ω‡∑ö‡∂ö‡∂∏‡∑ä‡∂ú‡∑ö ‡∂¥‡∑ä‚Äç‡∂ª‡∂ö‡∑è‡∑Å‡∂∫ https://t.co/dZfIz0I3Dq #srilanka #lka #news #news #breaking #today #president,2020-11-16 11:08:10
22,1328236228617990146,"‡∂ö‡∑ú‡∑Ä‡∑í‡∂û‡∑ä -- 19 ‡∂Ω‡∑ù‡∂ö‡∂∫‡∑ö ‡∂≠‡∑Ä‡∂∏‡∂≠‡∑ä 01, ‡∂á‡∂∏‡∑ô‡∂ª‡∑í‡∂ö‡∑è‡∑Ä. ‡∂Ω‡∂Ç‡∂ö‡∑è‡∑Ä 100 https://t.co/w8dwq2DIgf #news- sri lanka #feedly",2020-11-16 07:19:28
23,1328236122678259712,1500m ‡∂Ω‡∑ù‡∂ö ‡∑Å‡∑ñ‡∂ª‡∂∫‡∑è‡∂ß ‡∂î‡∂Ω‡∑í‡∂∏‡∑ä‡∂¥‡∑í‡∂ö‡∑ä ‡∂Ö‡∑Ñ‡∑í‡∂∏‡∑í ‡∑Ä‡∑ô‡∂∫‡∑í https://t.co/4ZBpLKSP19 #news- sri lanka #feedly,2020-11-16 07:19:03
24,1328224582449254401,"‡∂¥‡∑û‡∂Ø‡∑ä‡∂ú‡∂Ω‡∑í‡∂ö ‡∂∏‡∑î‡∂Ø‡∂Ω‡∑í‡∂±‡∑ä ‡∑Ä‡∑í‡∂Ω‡∑ä‡∂¥‡∂≠‡∑ä‡∂≠‡∑î‡∑Ä ‡∂±‡∑ê‡∑Ä‡∂≠ ‡∑Ä‡∂ú‡∑è ‡∂ö‡∑í‡∂ª‡∑ì‡∂∏‡∂ß ‡∂ã‡∂¥‡∂Ø‡∑ô‡∑É‡∑ä #news 

‡∂Ö‡∑Ä‡∑î‡∂Ω‡∂ö‡∑ä ‡∂±‡∑ë
‡∂ë‡∂ö ‡∂ú‡∑Ñ‡∂ö‡∑ä ‡∂ª‡∑î‡∂¥‡∑í‡∂∫‡∂Ω‡∑ä 50,000 ‡∂ö‡∂ß ‡∑Ä‡∑í‡∂ö‡∑î‡∂´‡∂Ω‡∑è
 
‡∂¥‡∑ê‡∂Ω‡∂∫‡∂ö‡∑ä ‡∂ª‡∑î.300 ‡∂ö‡∂ß ‡∂Ö‡∂ª‡∂±‡∑ä ‡∑Ñ‡∑í‡∂ß‡∑ô‡∑Ä‡∂±‡∑Ä‡∑è  :(",2020-11-16 06:33:12
25,1328223779579785217,Python ‡∂ö‡∑ä‚Äç‡∂ª‡∂∏‡∂Ω‡∑ö‡∂õ ‡∂∑‡∑è‡∑Å‡∑è‡∑Ä‡∑ö ‡∂±‡∑í‡∂ª‡∑ä‡∂∏‡∑è‡∂≠‡∑ò‡∑Ä‡∂ª‡∂∫‡∑è ‡∑Ä‡∂± Guido van Rossum ‡∂∏‡∑Ñ‡∂≠‡∑è Microsoft ‡∑É‡∂∏‡∑è‡∂ú‡∂∏‡∂ß ‡∑É‡∂∏‡∑ä‡∂∂‡∂±‡∑ä‡∂∞ ‡∑Ä‡∑ô‡∂∫‡∑í #TechNewsLK #SriLanka #News https://t.co/wAHMlS82Xl,2020-11-16 06:30:00
26,1328203223144951809,"‡∂Ö‡∂±‡∑ä‚Äç‡∂≠‡∑í‡∂∏‡∂ß ‡∂∏‡∂∏ ‡∑Ä‡∑í‡∂≠‡∂ª‡∂∫‡∑í ‡∑Å‡∑í‡∑Ç‡∑ä‚Äç‡∂∫‡∂≠‡∑ä‡∑Ä‡∂∫ ‡∑Ü‡∑ö‡∂Ω‡∑ä ‡∑Ä‡∑î‡∂±‡∑ö,
‡∑Ñ‡∑ê‡∂∏‡∑ù‡∂∏ ‡∂¥‡∑è‡∑É‡∑ä ‡∑Ä‡∑ô‡∂Ω‡∑è.üò•
#‡∂¥‡∑Ñ‡∑É‡∂∏‡∂≠‡∑ä #SriLanka #lka #education",2020-11-16 05:08:19
27,1328142528890118144,"üá±üá∞ ‡∂Ω‡∂Ç‡∂ö‡∑è‡∑Ä‡∑ö ‡∂≠‡∑í‡∂∫‡∑ô‡∂± ‡∑Ä‡∑í‡∂∑‡∑è‡∂ú ‡∑Ä‡∂Ω‡∑í‡∂±‡∑ä ‡∂Ø‡∑í‡∑É‡∑ä‡∂≠‡∑ä‚Äç‡∂ª‡∑í‡∂ö‡∑ä ‡∂∏‡∂ß‡∑ä‡∂ß‡∂∏‡∑ö ‡∂¥‡∑ä‚Äç‡∂ª‡∂Æ‡∑í‡∂¥‡∂Ω ‡∂Ω‡∂∂‡∑è‡∂Ø‡∑ô‡∂±‡∑ä‡∂±‡∑ö 

1Ô∏è‚É£ ‡∑Å‡∑í‡∑Ç‡∑ä‚Äç‡∂∫‡∂≠‡∑ä‡∑Ä ‡∑Ä‡∑í‡∂∑‡∑è‡∂ú‡∂∫ 
2Ô∏è‚É£ ‡∂ã‡∑É‡∑É‡∑ä ‡∂¥‡∑ô‡∑Ö ‡∑Ä‡∑í‡∂∑‡∑è‡∂ú‡∂∫ 

#lka #examresults #education",2020-11-16 01:07:09
28,1327982187266797568,2021 ‡∑Ä‡∂ª‡∑ä‡∑Ç‡∂∫‡∑ö‡∂Ø‡∑ì tablet ‡∂¥‡∂ª‡∑í‡∂ú‡∂´‡∂ö ‡∑É‡∑Ñ notebook ‡∂ë‡∑Ö‡∑í‡∂Ø‡∑ê‡∂ö‡∑ä‡∑Ä‡∑ì‡∂∏‡∂ß Oppo ‡∑É‡∂∏‡∑è‡∂ú‡∂∏ ‡∑É‡∑ñ‡∂Ø‡∑è‡∂±‡∂∏‡∑ä ‡∑Ä‡∑ô‡∂∫‡∑í #TechNewsLK #SriLanka #News https://t.co/LDVraP75qW,2020-11-15 14:30:00
29,1327967087545892864,Qualcomm ‡∑É‡∂∏‡∑è‡∂ú‡∂∏‡∂ß Huawei ‡∑É‡∂∏‡∑è‡∂ú‡∂∏ ‡∑É‡∂∏‡∂ü‡∑í‡∂±‡∑ä ‡∂ú‡∂´‡∑î‡∂Ø‡∑ô‡∂±‡∑î ‡∂ö‡∑í‡∂ª‡∑ì‡∂∏‡∑ö ‡∂Ö‡∑Ä‡∑É‡∂ª‡∂∫ ‡∂Ω‡∂∂‡∑è‡∂Ø‡∑ì‡∂∏‡∂ß ‡∂á‡∂∏‡∑ô‡∂ª‡∑í‡∂ö‡∑è‡∑Ä ‡∂ö‡∂ß‡∂∫‡∑î‡∂≠‡∑î ‡∂ö‡∂ª‡∂∫‡∑í #TechNewsLK #SriLanka #News https://t.co/JYlP3fAO6f,2020-11-15 13:30:00
30,1327959537102438402,Thanksgiving Day ‡∂ë‡∂ö ‡∑É‡∂≥‡∑Ñ‡∑è Zoom ‡∑É‡∑ö‡∑Ä‡∑è‡∑Ä‡∑ö free meetings ‡∑É‡∂≥‡∑Ñ‡∑è ‡∑Ä‡∂± ‡∂∏‡∑í‡∂±‡∑í‡∂≠‡∑ä‡∂≠‡∑î 40 ‡∂ö ‡∑É‡∑ì‡∂∏‡∑è‡∑Ä ‡∂â‡∑Ä‡∂≠‡∑ä ‡∂ö‡∑í‡∂ª‡∑ì‡∂∏‡∂ß ‡∑É‡∑î‡∂Ø‡∑è‡∂±‡∂∏‡∑ä ‡∑Ä‡∑ô‡∂∫‡∑í #TechNewsLK #SriLanka #News https://t.co/ISG1doRCdO,2020-11-15 13:00:00
31,1327944437972963328,‡∂∏‡∑í‡∂±‡∑í‡∑É‡∑î‡∂±‡∑ä ‡∂∫‡∑ú‡∂Ø‡∑è‡∂ú‡∑ô‡∂± ‡∑É‡∑í‡∂Ø‡∑î ‡∂ö‡∂ª‡∂± ‡∂Ω‡∂Ø ‡∂Ω‡∑ú‡∑Ä ‡∂¥‡∑Ö‡∂∏‡∑î Hyperloop Test ‡∂ë‡∂ö ‡∑É‡∑è‡∂ª‡∑ä‡∂Æ‡∂ö‡∑Ä ‡∂Ö‡∑Ä‡∑É‡∂±‡∑ä ‡∂ö‡∑í‡∂ª‡∑ì‡∂∏‡∂ß Virgin Hyperloop ‡∑É‡∂∏‡∑è‡∂ú‡∂∏ ‡∑É‡∂∏‡∂≠‡∑ä ‡∑Ä‡∑ô‡∂∫‡∑í #TechNewsLK #SriLanka #News https://t.co/tT2HeRitAb,2020-11-15 12:00:00
32,1327914012693000193,"2020.11.15
‡∂¢‡∂±‡∂¥‡∂≠‡∑í ‡∂∂‡∂Ø‡∑è‡∂Ø‡∑è ‡∂¢‡∑è‡∂≠‡∑í‡∂∫ ‡∂Ö‡∂∏‡∂≠‡∂∫‡∑í.

‡∂¢‡∂±‡∑è‡∂∞‡∑í‡∂¥‡∂≠‡∑í ‡∂Ö‡∂≠‡∑í‡∂ú‡∂ª‡∑î ‡∂ú‡∑ù‡∂®‡∑è‡∂∑‡∂∫ ‡∂ª‡∑è‡∂¢‡∂¥‡∂ö‡∑ä‡∑Ç ‡∂∏‡∑ê‡∂≠‡∑í‡∂≠‡∑î‡∂∏‡∑è ‡∂¢‡∑è‡∂≠‡∑í‡∂∫ ‡∂Ö‡∂∏‡∂≠‡∑è ‡∂ö‡∂ª‡∂± ‡∑Ä‡∑í‡∑Å‡∑ö‡∑Ç ‡∂¥‡∑ä‚Äç‡∂ª‡∂ö‡∑è‡∑Å‡∂∫ 2020-11-18 ‡∂ª‡∑è‡∂≠‡∑ä‚Äç‡∂ª‡∑ì 8.30‡∂ß ‡∑É‡∑í‡∂∫‡∂Ω‡∑î‡∂∏ ‡∂ª‡∑ñ‡∂¥‡∑Ä‡∑è‡∑Ñ‡∑í‡∂±‡∑ì ‡∑É‡∑Ñ ‡∂ú‡∑î‡∑Ä‡∂±‡∑ä ‡∑Ä‡∑í‡∂Ø‡∑î‡∂Ω‡∑í ‡∂±‡∑è‡∂Ω‡∑í‡∂ö‡∑è ‡∂î‡∑É‡∑ä‡∑É‡∑ö ‡∑Ä‡∑í‡∂ö‡∑è‡∑Å‡∂∫ ‡∂ö‡∑ô‡∂ª‡∑ö. 
#Srilankan #Srilanka #lka #Lanka #Ceylon #DGI #Government #Information #Department #News https://t.co/2ppfNX1aiN",2020-11-15 09:59:06
33,1327869348254519301,"‡∂ö‡∑ú‡∑Ö‡∂π ‡∂ö‡∑ú‡∑Ä‡∑í‡∂©‡∑ä ‡∂∏‡∂©‡∑í‡∂±‡∑ä‡∂± ‡∂∏‡∑Ñ‡∂±‡∂ú‡∂ª ‡∑É‡∂∑‡∑è‡∑Ä, ‡∂∂‡∑î‡∂Ø‡∑ä‡∂∞‡∑í ‡∂Ö‡∂Ç‡∑Å ‡∑Ñ‡∑è ‡∂ë‡∂ö‡∑ä‡∑Ä‡∑ô‡∂∫‡∑í
#lka #news #SriLanka #COVID19SL #COVID__19 #CovidVaccines #PCR https://t.co/ByNyqOiw3h",2020-11-15 07:01:37
34,1327866328661839872,"‡∂∂‡∑É‡∑ä‡∂±‡∑è‡∑Ñ‡∑í‡∂ª ‡∂∂‡∑É‡∑ä ‡∑É‡∑ö‡∑Ä‡∂ö‡∂∫‡∂±‡∑ä 20 ‡∂ö‡∂ß ‡∂ö‡∑ú‡∂ª‡∑ù‡∂±‡∑è! 
#lka #news #SriLanka #COVID19LK #COVID__19 #publictransport https://t.co/dmDPxCs1oP",2020-11-15 06:49:37
35,1327865952248102913,"‡∂Ω‡∂ö‡∑ä‡∑Ä‡∑í‡∂¢‡∂∫ ‡∂±‡∑ê‡∑Ä‡∂≠ ‡∂∂‡∑í‡∂≥ ‡∑Ä‡∑ê‡∂ß‡∑ô‡∂∫‡∑í: ‡∑Ä‡∑ê‡∂©‡∂ö‡∂ª‡∂±‡∑ä‡∂±‡∑ö ‡∂ë‡∂ö ‡∂í‡∂ö‡∂ö‡∂∫‡∂∫‡∑í ! 

#lka #NEWS #SriLanka #electricity #poweroutage https://t.co/jc2uddbsnn",2020-11-15 06:48:08
36,1327864701586350080,"üõ≥‡∑Å‡∑ä‚Äç‡∂ª‡∑ì ‡∂Ω‡∂Ç‡∂ö‡∑è ‡∑Ä‡∂ª‡∑è‡∂∫ ‡∂Ö‡∂∞‡∑í‡∂ö‡∑è‡∂ª‡∑í‡∂∫‡∑ö ‡∑É‡∂∑‡∑è‡∂¥‡∂≠‡∑í‡∂≠‡∑î‡∂∏‡∑è‡∂ú‡∑ö ‡∑Ä‡∑í‡∑Å‡∑ö‡∑Ç ‡∂¥‡∂´‡∑í‡∑Ä‡∑í‡∂©‡∂∫

#Srilankan #Srilanka #lka #Lanka #Ceylon #DGI #Government #Information #Department #News #infodprtsl #Coronavirus #Covid #Corona #Staysafe #Socialdistancing #Virus #Coronav #Pandemic #SLPort https://t.co/UfpICDturF",2020-11-15 06:43:10
37,1327819591989547009,"20% ‡∂Ö‡∂∫‡∂≠‡∑ä ‡∂±‡∑ú‡∑Ä‡∂± ‡∂ö‡∑ú‡∂ß‡∑É‡∂ß ‡∂ë‡∂±‡∑ä‡∂±‡∂≠‡∑ä ‡∂∂‡∑ô‡∂Ø‡∑ì‡∂∏ ‡∂¥‡∑û‡∂Ø‡∑ä‡∂ú‡∂Ω‡∑í‡∂ö ‡∂Ö‡∂Ç‡∑Å‡∂∫‡∂ß ! 
#lka #NEWS #SriLanka #COVID19LK #COVID__19 #CovidVaccines https://t.co/NJEvWNb7Aq",2020-11-15 03:43:55
38,1327602313637158918,Netflix ‡∑É‡∑ö‡∑Ä‡∑è‡∑Ä ‡∑É‡∂≥‡∑Ñ‡∑è Fast Laughs ‡∂±‡∂∏‡∑í‡∂±‡∑ä ‡∂±‡∑Ä ‡∑Ä‡∑í‡∑Å‡∑ö‡∑Ç‡∑è‡∂Ç‡∂ú‡∂∫‡∂ö‡∑ä ‡∂ë‡∂ö‡∂≠‡∑î ‡∑Ä‡∂± ‡∂Ω‡∂ö‡∑î‡∂´‡∑î #TechNewsLK #SriLanka #News https://t.co/A45CPwGXik,2020-11-14 13:20:31
39,1327589550403715072,"Headphones ‡∑Ñ‡∑ù Earbuds ‡∂±‡∑ú‡∂∏‡∑ê‡∂≠‡∑í‡∑Ä, ‡∂î‡∂∂‡∑ö ‡∑Ñ‡∑í‡∑É ‡∂≠‡∑î‡∑Ö‡∂ß ‡∑É‡∂Ç‡∂ú‡∑ì‡∂≠‡∂∫ ‡∑É‡∂∏‡∑ä‡∂¥‡∑ä‚Äç‡∂ª‡∑ö‡∑Ç‡∂´‡∂∫ ‡∂ö‡∑Ö ‡∑Ñ‡∑ê‡∂ö‡∑í ‡∂±‡∑Ä ‡∂ã‡∂¥‡∑è‡∂Ç‡∂ú‡∂∫‡∂ö‡∑ä ‡∂±‡∑í‡∂¥‡∂Ø‡∑Ä‡∂±‡∑ä‡∂±‡∂ß ‡∂ä‡∑Å‡∑ä‚Äç‡∂ª‡∑è‡∂∫‡∑ô‡∂Ω ‡∂¥‡∂ª‡∑ä‡∂∫‡∑ö‡∑Ç‡∂ö‡∂∫‡∑í‡∂±‡∑ä ‡∂¥‡∑í‡∂ª‡∑í‡∑É‡∂ö‡∑ä ‡∑É‡∂∏‡∂≠‡∑ä ‡∑Ä‡∑ô‡∂∫‡∑í #TechNewsLK #SriLanka #News https://t.co/R6xMbxLVgJ",2020-11-14 12:29:48
40,1327523028884811776,"‡∑É‡∑í‡∂∫‡∂Ω‡∑î ‡∂∏ ‡∑Ñ‡∑í‡∂±‡∑ä‡∂Ø‡∑î ‡∂∂‡∑ê‡∂≠‡∑í‡∂∏‡∂≠‡∑î‡∂±‡∑ä‡∂ß ‡∑É‡∑î‡∂∂ ‡∂Ø‡∑ì‡∂¥‡∑è‡∑Ä‡∂Ω‡∑í ‡∂Ø‡∑í‡∂±‡∂∫‡∂ö‡∑ä ‡∑Ä‡∑ö‡∑Ä‡∑è!!
‡Æá‡Æ©‡Æø‡ÆØ ‡Æ§‡ØÄ‡Æ™‡Ææ‡Æµ‡Æ≥‡Æø ‡Æ®‡Æ≤‡Øç‡Æµ‡Ææ‡Æ¥‡Øç‡Æ§‡Øç‡Æ§‡ØÅ‡Æï‡Øç‡Æï‡Æ≥‡Øç!!
#Srilankan #Srilanka #lka #Lanka #Ceylon #DGI #Government #Information #Department #News #infodprtsl https://t.co/B2GCsLra7a",2020-11-14 08:05:28
41,1327494690279542785,"‡∂∏‡∂≠‡∑ä‡∂Ø‡∑ä‚Äç‡∂ª‡∑Ä‡∑ä‚Äç‡∂∫‡∂ß ‡∂á‡∂∂‡∑ä‡∂∂‡∑ê‡∑Ñ‡∑í ‡∑Ä‡∑ñ ‡∂¥‡∑î‡∂Ø‡∑ä‡∂ú‡∂Ω‡∂∫‡∑í‡∂±‡∑ä ‡∑É‡∑Ñ ‡∂î‡∑Ä‡∑î‡∂±‡∑ä‡∂ú‡∑ö ‡∂¥‡∑Ä‡∑î‡∂Ω‡∑ä ‡∑Ä‡∂Ω ‡∑É‡∑è‡∂∏‡∑è‡∂¢‡∑í‡∂ö‡∂∫‡∑í‡∂±‡∑ä‡∂ß ‡∂Ö‡∑Ä‡∑Å‡∑ä‚Äç‡∂∫ ‡∑Ä‡∂± ‡∂ã‡∂¥‡∂Ø‡∑ö‡∑Å‡∂± ‡∑É‡∑ö‡∑Ä‡∑è‡∑Ä‡∂ö‡∑ä ‡∑É‡∑ê‡∂¥‡∂∫‡∑ì‡∂∏ ‡∑É‡∂≥‡∑Ñ‡∑è 1927 ‡∂ö‡∑ä‡∑Ç‡∂´‡∑í‡∂ö ‡∂Ø‡∑î‡∂ª‡∂ö‡∂Æ‡∂± ‡∑É‡∑ö‡∑Ä‡∑è‡∑Ä‡∂ö‡∑ä ‡∑Ñ‡∂≥‡∑î‡∂±‡∑ä‡∑Ä‡∑è ‡∂Ø‡∑ô‡∂∫‡∑í
‡∂Ö‡∂±‡∑ä‡∂≠‡∂ª‡∑è‡∂∫‡∂ö‡∂ª ‡∂ñ‡∑Ç‡∂∞ ‡∂¥‡∑è‡∂Ω‡∂ö ‡∂¢‡∑è‡∂≠‡∑í‡∂ö ‡∂∏‡∂´‡∑ä‡∂©‡∂Ω‡∂∫ 
#Srilankan #Srilanka #lka #Lanka #Ceylon #DGI #Government #Information #Department #News #infodprtsl https://t.co/G4DQQ6QJ2l",2020-11-14 06:12:52
42,1327489534938943489,"‡∂¢‡∑ä‚Äç‡∂∫‡∑ô‡∑Ç‡∑ä‡∂® ‡∂∏‡∑è‡∂∞‡∑ä‚Äç‡∂∫‡∑Ä‡∑ö‡∂Ø‡∑ì ‡∑É‡∑Ñ ‡∂¥‡∑ä‚Äç‡∂ª‡∑Ä‡∑ì‡∂´ ‡∂ö‡∂Ω‡∑è ‡∑Å‡∑í‡∂Ω‡∑ä‡∂¥‡∑í ""‡∑É‡∑í‡∂©‡∑ä‡∂±‡∑í ‡∂†‡∂±‡∑ä‡∂Ø‡∑ä‚Äç‡∂ª‡∑É‡∑ö‡∂ö‡∂ª"" ‡∂Ö‡∂∑‡∑è‡∑Ä‡∂¥‡∑ä‚Äç‡∂ª‡∑è‡∂¥‡∑ä‡∂≠ ‡∑Ä‡∑ô‡∂∫‡∑í..
  
#lka #News #SL #SydneyChandrasekara https://t.co/polNZinjb9",2020-11-14 05:52:23
43,1327477010130743296,"‡∂ª‡∑Ä‡∑ì ‡∂¢‡∂∫‡∑Ä‡∂ª‡∑ä‡∂∞‡∂± ‡∑Ä‡∑í‡∂¥‡∂ö‡∑ä‡∑Ç ‡∂±‡∑è‡∂∫‡∂ö ‡∂Ω‡∑ö‡∂ö‡∂∏‡∑ä ‡∂∞‡∑ñ‡∂ª‡∂∫‡∂ß ! 
#lka #news @sajithpremadasa #politics #PoliticsToday https://t.co/Ulg7X0y7Iv",2020-11-14 05:02:37
44,1327476663622512641,"‚Äú‡∂Ö‡∂±‡∂±‡∑ä‡∂≠‡∂∫‡∑ô‡∂±‡∑ä ‡∂Ü ‡∂≠‡∂ª‡∑î ‡∂ö‡∑î‡∂∏‡∂ª‡∑è"" ‡∂Ω‡∑í‡∂∫‡∑ñ ‡∑É‡∑í‡∂©‡∑ä‡∂±‡∑í ‡∂∏‡∑ô‡∂Ω‡∑ú‡∑Ä ‡∑Ñ‡∑ê‡∂ª ‡∂∫‡∂∫‡∑í ! 
#lka #news #obituary #journalist https://t.co/JYayhRsWF4",2020-11-14 05:01:14
45,1327257411116167168,Harmony OS Stable version ‡∂ë‡∂ö ‡∂Ω‡∑ê‡∂∂‡∑ô‡∂± ‡∂Ø‡∑î‡∂ª‡∂ö‡∂Æ‡∂± ‡∂∏‡∑è‡∂Ø‡∑í‡∂Ω‡∑í ‡∂¥‡∑í‡∂Ω‡∑í‡∂∂‡∂≥‡∑Ä ‡∂≠‡∑ú‡∂ª‡∂≠‡∑î‡∂ª‡∑î ‡∂±‡∑í‡∂ö‡∑î‡∂≠‡∑ä ‡∂ö‡∑í‡∂ª‡∑ì‡∂∏‡∂ß Huawei Central ‡∑Ä‡∑ô‡∂∂‡∑ä ‡∂Ö‡∂©‡∑Ä‡∑í‡∂∫ ‡∂ö‡∂ß‡∂∫‡∑î‡∂≠‡∑î ‡∂ö‡∂ª‡∂∫‡∑í #TechNewsLK #SriLanka #News https://t.co/jUAI8tjt5c,2020-11-13 14:30:00
46,1327249863482908674,Spotify ‡∑É‡∑ö‡∑Ä‡∑è‡∑Ä‡∑ö ‡∂á‡∂≠‡∑í ‡∂¥‡∑ä‚Äç‡∂ª‡∂∫‡∑ù‡∂¢‡∂±‡∑Ä‡∂≠‡∑ä ‡∑Ä‡∑í‡∑Å‡∑ö‡∑Ç‡∑è‡∂Ç‡∂ú ‡∂Ø‡∑ô‡∂ö‡∂ö‡∑ä YouTube Music ‡∑É‡∂≥‡∑Ñ‡∑è ‡∂±‡∑î‡∂Ø‡∑î‡∂ª‡∑ö‡∂Ø‡∑ì‡∂∏ ‡∂Ω‡∂∂‡∑è‡∂Ø‡∑ì‡∂∏‡∂ß ‡∂ö‡∂ß‡∂∫‡∑î‡∂≠‡∑î ‡∂ö‡∂ª‡∂± ‡∂Ω‡∂ö‡∑î‡∂´‡∑î #TechNewsLK #SriLanka #News https://t.co/c5OVIYPSpV,2020-11-13 14:00:01
47,1327249023292506112,"2020.11.13
‡∂Ö‡∂Ø ‡∂Ø‡∑í‡∂± ‡∂ö‡∑ú‡∂ª‡∑ù‡∂±‡∑è ‡∂∏‡∂ª‡∂´ 5‡∂ö‡∑ä ‡∑Ä‡∑è‡∂ª‡∑ä‡∂≠‡∑è ‡∑Ä‡∑ñ ‡∂∂‡∑Ä ‡∂≠‡∑Ñ‡∑Ä‡∑î‡∂ª‡∑î ‡∂ö‡∂ª‡∂∫‡∑í    
#Srilankan #Srilanka #lka #Lanka #Ceylon #DGI #Government #Information #Department #News #Virus #Coronav #Pandemic https://t.co/zzH5qjGhwP",2020-11-13 13:56:40
48,1327246972193972229,"‡∂∂‡∂Ω‡∂±‡∑ä ‡∂ú‡∑í‡∑Ñ‡∑è‡∂∏ ‡∂Ω‡∂±‡∑ä‡∂ö‡∑è‡∑Ä‡∑ö ‡∂∂‡∑Ñ‡∑î‡∂≠‡∂ª‡∂∫‡∂ö‡∑ä  social media ‡∑Ä‡∂Ω ‡∂≠‡∂±‡∑í‡∂ö‡∂© ‡∂Ö‡∂∫‡∂±‡∑ö ü§£ü§£üôÇ

#SriLanka #SriLankan #sinhala #ALONE #AloneTogether #fake #FridayFeeling #‡∂≠‡∂±‡∑í‡∂ö‡∂©‡∂∫‡∑í‡∂±‡∑ä #news",2020-11-13 13:48:31
49,1327187446694440965,‡∂ú‡∑è‡∂Ω‡∑ä‡∂Ω‡∑ö ‡∑Ä‡∑ê‡∂©‡∑í‡∂∏ ‡∂Ü‡∑É‡∑è‡∂Ø‡∑í‡∂≠‡∂∫‡∑í‡∂±‡∑ä ‡∂∂‡∂Ω‡∂¥‡∑í‡∂ß‡∑í‡∂∫‡∑ô‡∂±‡∑ä https://t.co/2v7jyoLr6b‡∂ú‡∑è‡∂Ω‡∑ä‡∂Ω‡∑ö-‡∑Ä‡∑ê‡∂©‡∑í‡∂∏-‡∂Ü‡∑É‡∑è‡∂Ø‡∑í‡∂≠‡∂∫‡∑í‡∂±‡∑ä-‡∂∂‡∂Ω‡∂¥‡∑í‡∂ß‡∑í‡∂∫‡∑ô‡∂±‡∑ä/1-581978 #news- sri lanka #feedly,2020-11-13 09:51:59
50,1327187066271133696,‡∂Ω‡∑ù‡∂ö ‡∑É‡∑û‡∂õ‡∑ä‚Äç‡∂∫ ‡∑É‡∂Ç‡∑Ä‡∑í‡∂∞‡∑è‡∂±‡∂∫‡∑ö ‡∂±‡∑è‡∂∫‡∂ö‡∂≠‡∑ä‡∑Ä‡∂∫‡∂ß ‡∂ã‡∂ª ‡∂Ø‡∑ô‡∂±‡∑ä‡∂± ‡∂†‡∑ì‡∂±‡∂∫ ‡∑É‡∑ñ‡∂Ø‡∑è‡∂±‡∂∏‡∑ä https://t.co/2v7jyoLr6b‡∂Ω‡∑ù‡∂ö-‡∑É‡∑û‡∂õ‡∑ä‚Äç‡∂∫-‡∑É‡∂Ç‡∑Ä‡∑í‡∂∞‡∑è‡∂±‡∂∫‡∑ö-‡∂±‡∑è‡∂∫‡∂ö‡∂≠‡∑ä‡∑Ä‡∂∫‡∂ß-‡∂ã‡∂ª-‡∂Ø‡∑ô‡∂±‡∑ä‡∂±-‡∂†‡∑ì‡∂±‡∂∫-‡∑É‡∑ñ‡∂Ø‡∑è‡∂±‡∂∏‡∑ä/1-581982 #news- sri lanka #feedly,2020-11-13 09:50:29
51,1327173567738331136,‡∂±‡∑ê‡∂´‡∑É ‡∂ª‡∑ñ‡∂¥‡∑Ä‡∑è‡∑Ñ‡∑í‡∂±‡∑í ‡∂†‡∑ê‡∂±‡∂Ω‡∂∫‡∑ö 10‡∑Ä‡∂± ‡∑Å‡∑ä‚Äç‡∂ª‡∑ö‡∂´‡∑í‡∂∫‡∑ö ‡∑Ä‡∑í‡∂Ø‡∑ä‚Äç‡∂∫‡∑è‡∑Ä. ‡∂¥‡∑è‡∂©‡∂∏ ‡∑Å‡∂ö‡∑ä‡∂≠‡∑í‡∂∫. ‡∂Ö‡∂Ω‡∑í‡∂∫‡∑ô‡∂ö‡∑ä‡∂ß ‡∂¥‡∑Ñ‡∂ª ‡∂Ø‡∑ô‡∂∏‡∑í‡∂±‡∑ä ‡∑Ä‡∑í‡∑Å‡∑è‡∂Ω ‡∂ö‡∑ú‡∂ß‡∂∫‡∂ö‡∑ä ‡∂Ö‡∂Ø‡∑ä‡∂Ø‡∑Ä‡∂± ‡∑Ä‡∑ì‡∂©‡∑í‡∂∫‡∑ù‡∑Ä‡∂ö‡∑í‡∂±‡∑ä ‡∂¥‡∑è‡∂©‡∂∏ ‡∂¥‡∂ß‡∂±‡∑ä ‡∂ú‡∂±‡∑ì. #lka #education,2020-11-13 08:56:50
52,1327169828436779013,"‡∂∏‡∑í‡∂±‡∑í‡∑É‡∑è‡∂ú‡∑ö ‡∂∏‡∑ñ‡∂Ω‡∑í‡∂ö ‡∂Ö‡∂∫‡∑í‡∂≠‡∑ì‡∂±‡∑ä ‡∑É‡∑î‡∂ª‡∂ö‡∑ä‡∑Ç‡∑í‡∂≠ ‡∂±‡∑ú‡∑Ä‡∂± ‡∑Ä‡∑í‡∂ß, ‡∑É‡∑è‡∂∏‡∂∫‡∂Ø ‡∂∏‡∑í‡∂±‡∑í‡∑É‡∑ä ‡∑É‡∂∂‡∂≥‡∂≠‡∑è ‡∂Ø ‡∂¥‡∑í‡∂ª‡∑í‡∑Ñ‡∑ì ‡∂∫‡∂∫‡∑í. ‡∑É‡∑ú‡∂ª‡∂ö‡∂∏ ‡∂∏‡∂Ç ‡∂ö‡∑ú‡∂Ω‡∑ä‡∂Ω ‡∂ö‡∑ë‡∂∏, ‡∑Ä‡∑ê‡∂©‡∑í ‡∑Ä‡∑î‡∑Ä‡∑Ñ‡∑ú‡∂≠‡∑ä ‡∂∏‡∑è‡∂±‡∑É‡∑í‡∂ö ‡∂Ö‡∑É‡∑Ñ‡∂±‡∂∫‡∂Ø ‡∑Ä‡∂ª‡∑ä‡∂∞‡∂±‡∂∫ ‡∑Ä‡∂±‡∑ä‡∂±‡∑ö‡∂∫
(part 3) #SrLanka #LKA #BuildSriLanka #nadundon #spiritual #development #education #politics #Constitution #slpolitics",2020-11-13 08:41:59
53,1327077147010158593,macOS ‡∂ë‡∂ö‡∑ö ‡∂Ö‡∂Ω‡∑î‡∂≠‡∑ä‡∂∏ ‡∑É‡∂Ç‡∑É‡∑ä‡∂ö‡∂ª‡∂´‡∂∫ ‡∑Ä‡∂± macOS Big Sur ‡∑É‡∂Ç‡∑É‡∑ä‡∂ö‡∂ª‡∂´‡∂∫ ‡∂±‡∑í‡∂ö‡∑î‡∂≠‡∑ä ‡∂ö‡∑í‡∂ª‡∑ì‡∂∏‡∂ß Apple ‡∑É‡∂∏‡∑è‡∂ú‡∂∏ ‡∂ö‡∂ß‡∂∫‡∑î‡∂≠‡∑î ‡∂ö‡∂ª‡∂∫‡∑í #TechNewsLK #SriLanka #News https://t.co/lNk0zwA4OC,2020-11-13 02:33:42
54,1326872286545129473,"üìå2020.11.12 üìå
‡∂Ö‡∂Ø ‡∂Ø‡∑í‡∂± ‡∂≠‡∑Ä‡∂≠‡∑ä ‡∂ö‡∑ú‡∑Ä‡∑í‡∂©‡∑ä-19 ‡∂Ü‡∑É‡∑è‡∂Ø‡∑í‡∂≠‡∂∫‡∑í‡∂±‡∑ä 277‡∂ö‡∑ä ‡∑Ñ‡∂≥‡∑î‡∂±‡∑è‡∂ú‡∂±‡∑ì
#DGI #Government #Information #Department #News
#Srilanka #Covid19 #Coronavirus #StaySafe #SocialDistancing #Virus #Pandemic https://t.co/k1RuP1hQmu",2020-11-12 12:59:39
55,1326844313884647424,[DIG Ajith Rohana] ‡∂¥‡∑ú‡∂Ω‡∑í‡∑É‡∑ä ‡∂∏‡∑è‡∂∞‡∑ä‚Äç‡∂∫ ‡∂¥‡∑ä‚Äç‡∂ª‡∂ö‡∑è‡∑Å‡∂ö ‡∂±‡∑í‡∂∫‡∑ù‡∂¢‡∑ä‚Äç‡∂∫ ‡∂¥‡∑ú‡∂Ω‡∑í‡∑É‡∑ä‡∂¥‡∂≠‡∑í ‡∂Ö‡∂¢‡∑í‡∂≠‡∑ä ‡∂ª‡∑ù‡∑Ñ‡∂´‡∂ú‡∑ö ‡∑Ä‡∑í‡∑Å‡∑ö‡∑Ç ‡∂¥‡∑ä‚Äç‡∂ª‡∂ö‡∑è‡∑Å‡∂∫ https://t.co/RA69Iojozd #srilanka #lka #news #news #breaking #today #president,2020-11-12 11:08:30
56,1326842043205758977,YouTube ‡∑É‡∑ö‡∑Ä‡∑è‡∑Ä ‡∂∫‡∂Æ‡∑è ‡∂≠‡∂≠‡∑ä‡∑Ä‡∂∫‡∂ß ‡∂¥‡∂≠‡∑ä‡∂ö‡∑í‡∂ª‡∑ì‡∂∏‡∂ß Google ‡∑É‡∂∏‡∑è‡∂ú‡∂∏ ‡∂ö‡∂ß‡∂∫‡∑î‡∂≠‡∑î ‡∂ö‡∂ª‡∂∫‡∑í #TechNewsLK #SriLanka #News https://t.co/EmNH4HbelL,2020-11-12 10:59:29
57,1326796390727639041,"üå≥‡∂∏‡∑è‡∂∞‡∑ä‚Äç‡∂∫ ‡∂±‡∑í‡∑Ä‡∑ö‡∂Ø‡∂±‡∂∫ ‡∑Ñ‡∑è ‡∂∏‡∑è‡∂ª‡∑ä‡∂ú‡∑ù‡∂¥‡∂Ø‡∑ö‡∑Å ‡∂∏‡∑è‡∂Ω‡∑è‡∑Ä - ‡∂∏‡∂∞‡∑ä‚Äç‡∂∫‡∂∏ ‡∂¥‡∂ª‡∑í‡∑É‡∂ª ‡∂Ö‡∂∞‡∑í‡∂ö‡∑è‡∂ª‡∑í‡∂∫

#Srilankan #Srilanka #lka #Lanka #Ceylon #DGI #Government #Information #Department #News #Coronavirus #Covid #Corona #Staysafe #Socialdistancing #Virus #Coronav #Pandemic https://t.co/Xc5q4WahJA",2020-11-12 07:58:04
58,1326785792275075072,‡∂ö‡∂©‡∑î‡∑Ä‡∑ô‡∂Ω ‡∂∏‡∂Ç‡∂†‡∑í ‡∂ö‡∂∏‡∑ä‡∑Ñ‡∂Ω‡∑ô‡∂±‡∑ä ‡∂Ü‡∑É‡∑è‡∂Ø‡∑í‡∂≠‡∂∫‡∑í‡∂±‡∑ä 04 ‡∂ö‡∑ä https://t.co/HD0l5AOosl #news- sri lanka #feedly,2020-11-12 07:15:58
59,1326779483718889472,"üëâ2020-11-12 ‡∂Ø‡∑í‡∂±‡∂ß ‡∂Ö‡∂Ø‡∑è‡∑Ö ‡∂ö‡∑ú‡∑Ä‡∑í‡∂©‡∑ä-19 ‡∑Ä‡∑õ‡∂ª‡∑É‡∂∫ ‡∑É‡∂∏‡∑ä‡∂∂‡∂±‡∑ä‡∂∞ ‡∂¥‡∑ä‚Äç‡∂ª‡∑É‡∑ä‡∂Æ‡∑è‡∂ª‡∑í‡∂ö ‡∂±‡∑í‡∂ª‡∑ñ‡∂¥‡∂´‡∂∫

#Srilankan #Srilanka #lka #Lanka #Ceylon #DGI #Government #Information #Department #News #infodprtsl #Coronavirus #Covid #Corona #Staysafe #Socialdistancing #Virus #Coronav #Pandemic https://t.co/pEHICjq6po",2020-11-12 06:50:53
60,1326778683290505217,"‡∂±‡∑í‡∑Ä‡∑è‡∂©‡∑î‡∑Ä‡∂ß ‡∂∫‡∂∏‡∑î ‡∂ã‡∂© ‡∂Ø‡∑í‡∂∫‡∂Ω‡∑î‡∂∏

https://t.co/mEvWynZ5fy

#BottomlineNews #BottomLine #SriLankaNews #News #COVID19SL #SriLanka #lka #today #government #business #police #covid19 #lknews #slnews #president #Entertainment #Art",2020-11-12 06:47:43
61,1326691189265891329,‡∂ö‡∑ê‡∂∏‡∂ª‡∑è 8‡∂ö‡∑ä ‡∑É‡∑Ñ‡∑í‡∂≠ ‡∂°‡∂Ç‡∂ú‡∂∏ ‡∂Ø‡∑î‡∂ª‡∂ö‡∂Æ‡∂±‡∂∫‡∑ô‡∂±‡∑ä ‡∑Ä‡∑ô‡∂±‡∑î‡∑Ä‡∑ô‡∂±‡∑ä Patent ‡∂∂‡∂Ω‡∂¥‡∂≠‡∑ä‚Äç‡∂ª‡∂∫‡∂ö‡∑ä ‡∂Ω‡∂∂‡∑è ‡∂ú‡∑ê‡∂±‡∑ì‡∂∏‡∂ß ‡∂†‡∑ì‡∂± ‡∑É‡∂∏‡∑è‡∂ú‡∂∏‡∂ö‡∑ä ‡∂ö‡∂ß‡∂∫‡∑î‡∂≠‡∑î ‡∂ö‡∂ª‡∂∫‡∑í #TechNewsLK #SriLanka #News https://t.co/xLgA5roSoE,2020-11-12 01:00:02
62,1326532636706185218,Apple Silicon M1 chip ‡∂ë‡∂ö ‡∂∏‡∂ú‡∑í‡∂±‡∑ä ‡∂∂‡∑Ö‡∂ú‡∑ê‡∂±‡∑ä‡∑Ä‡∑ô‡∂± MacBook Air ‡∂¥‡∂ª‡∑í‡∂ú‡∂´‡∂ö ‡∂∏‡∑è‡∂Ø‡∑í‡∂Ω‡∑í‡∂∫‡∂ö‡∑ä ‡∂ë‡∑Ö‡∑í‡∂Ø‡∑ê‡∂ö‡∑ä‡∑Ä‡∑ì‡∂∏‡∂ß Apple ‡∑É‡∂∏‡∑è‡∂ú‡∂∏ ‡∂ö‡∂ß‡∂∫‡∑î‡∂≠‡∑î ‡∂ö‡∂ª‡∂∫‡∑í #TechNewsLK #SriLanka #News https://t.co/Mk5nafiu6s,2020-11-11 14:30:01
63,1326517536939155456,Huawei ‡∑É‡∂∏‡∑è‡∂ú‡∂∏‡∑ô‡∑Ñ‡∑í Harmony OS ‡∂ë‡∂ö‡∑ô‡∑Ñ‡∑í ‡∂¥‡∑Ö‡∂∏‡∑î beta version ‡∂ë‡∂ö ‡∂Ø‡∑ô‡∑É‡∑ê‡∂∏‡∑ä‡∂∂‡∂ª‡∑ä 18 ‡∑Ä‡∂±‡∂Ø‡∑è ‡∂±‡∑í‡∂ö‡∑î‡∂≠‡∑ä ‡∂ö‡∑í‡∂ª‡∑ì‡∂∏‡∂ß ‡∑É‡∑ñ‡∂Ø‡∑è‡∂±‡∂∏‡∑ä ‡∑Ä‡∂± ‡∂Ω‡∂ö‡∑î‡∂´‡∑î #TechNewsLK #SriLanka #News https://t.co/YfUMHg2EOS,2020-11-11 13:30:00
64,1326513815886979076,"üëâ‡∂Ö‡∂ú‡∑ä‚Äç‡∂ª‡∑è‡∂∏‡∑è‡∂≠‡∑ä‚Äç‡∂∫‡∂≠‡∑î‡∂∏‡∑è‡∂ú‡∑ö ‡∂¥‡∑ä‚Äç‡∂ª‡∂∞‡∑è‡∂±‡∂≠‡∑ä‡∑Ä‡∂∫‡∑ô‡∂±‡∑ä ‡∂Ø‡∑ì‡∂ù‡∑Ä‡∑è‡∂¥‡∑ì ‡∂†‡∑õ‡∂≠‡∑ä‚Äç‡∂∫‡∂∫‡∑ö ‡∂¥‡∑ä‚Äç‡∂ª‡∂≠‡∑í‡∑É‡∂Ç‡∑É‡∑ä‡∂ö‡∂ª‡∂´ ‡∂ö‡∂ß‡∂∫‡∑î‡∂≠‡∑î ‡∂á‡∂ª‡∂π‡∑ô‡∂∫‡∑í
@PresRajapaksa
#Srilankan #Srilanka #lka #Lanka #Ceylon #DGI #Government #Information #Department #News #PrimeMinister #MahindaRajapaksha #MR https://t.co/npUnb24sZ4",2020-11-11 13:15:13
65,1326493538515816458,"‚ô¶Ô∏è2020-11-11 ‡∂Ø‡∑í‡∂±‡∂ß ‡∂Ö‡∂Ø‡∑è‡∑Ö ‡∂ö‡∑ú‡∑Ä‡∑í‡∂©‡∑ä-19 ‡∑Ä‡∑õ‡∂ª‡∑É‡∂∫ ‡∑É‡∂∏‡∑ä‡∂∂‡∂±‡∑ä‡∂∞‡∂∫‡∑ô‡∂±‡∑ä ‡∑Ä‡∑É‡∂Ç‡∂ú‡∂≠ ‡∂ª‡∑ù‡∂ú ‡∑Ä‡∑í‡∂Ø‡∑ä‚Äç‡∂∫‡∑è ‡∂Ö‡∂Ç‡∑Å‡∂∫ ‡∂∏‡∂ü‡∑í‡∂±‡∑ä ‡∂±‡∑í‡∂ö‡∑î‡∂≠‡∑ä ‡∂ö‡∂ª‡∂± ‡∂≠‡∂≠‡∑ä‡∂≠‡∑ä‡∑Ä ‡∑Ä‡∑è‡∂ª‡∑ä‡∂≠‡∑è‡∑Ä 
#Srilankan #Srilanka #lka #Lanka #Ceylon #DGI #Government #Information #Department #News #infodprtsl #EpidemiologyUnit #SituationReport https://t.co/xpjUVvX3D1",2020-11-11 11:54:39
0,1331283595739197440,‡∂Ö‡∑Ñ‡∑í‡∂Ç‡∑É‡∂ö ‡∂∏‡∑í‡∂±‡∑í‡∑É‡∑ä‡∑É‡∑î‡∂±‡∑ä‡∂ß ‡∂Ø‡∑ê‡∂±‡∑ä ‡∂ã‡∑É‡∑è‡∑Ä‡∑í ‡∑Ä‡∑ê‡∑Ñ‡∑î‡∑Ä‡∂ß VVIP ‡∂Ö‡∂∫‡∂ß ‡∂ã‡∑É‡∑è‡∑Ä‡∑í ‡∂á‡∂ª‡∂Ω‡∑è ‡∂á‡∂¥ ‡∑Ñ‡∂∏‡∑ä‡∂∂ ‡∑Ä‡∑ô‡∂±‡∑Ä‡∑è https://t.co/z5dV79tNWC #srilanka #lka #news #news #breaking #today #president,2020-11-24 17:08:37
1,1331279879795478533,"2020.11.24
‡∂ö‡∑ú‡∂ª‡∑ù‡∂±‡∑è ‡∂∏‡∂ª‡∂´ 4‡∂ö‡∑ä ‡∑Ä‡∑è‡∂ª‡∑ä‡∂≠‡∑è ‡∑Ä‡∑ì ‡∂á‡∂≠‡∑í ‡∂∂‡∑Ä ‡∂≠‡∑Ñ‡∑Ä‡∑î‡∂ª‡∑î ‡∂ö‡∂ª‡∂∫‡∑í
#Srilankan #Srilanka #lka #Lanka #Ceylon #DGI #Government #Information #Department #News #coronavirus #Covid #Corona #Staysafe #Socialdistancing #Virus #Coronav #Pandemic https://t.co/QdrtDUuvxj",2020-11-24 16:53:51
2,1331256181428428800,"‡∂ö‡∑è‡∂Ω‡∂ú‡∑î‡∂´ ‡∑Ä‡∑è‡∂ª‡∑ä‡∂≠‡∑è‡∑Ä-  2020.11.24 
#DGI #Government #Information #Department 
#News #weather alert @DMSriLanka https://t.co/mcMGFE1RVC",2020-11-24 15:19:41
3,1331213483568861186,Bill Gates ‡∂≠‡∑ô‡∑Ä‡∑ê‡∂±‡∑í ‡∑É‡∑ä‡∂Æ‡∑è‡∂±‡∂∫‡∂ß ‡∂¥‡∂≠‡∑ä ‡∂ö‡∂ª‡∂∏‡∑í‡∂±‡∑ä ‡∂Ω‡∑ú‡∑Ä ‡∂Ø‡∑ô‡∑Ä‡∑ê‡∂±‡∑í‡∂∫‡∂ß ‡∂∞‡∂±‡∑Ä‡∂≠‡∑ä‡∂∏ ‡∂¥‡∑î‡∂Ø‡∑ä‡∂ú‡∂Ω‡∂∫‡∑è ‡∑Ä‡∑ì‡∂∏‡∂ß Elon Musk ‡∑É‡∂∏‡∂≠‡∑ä ‡∑Ä‡∑ô‡∂∫‡∑í #TechNewsLK #SriLanka #News https://t.co/8tbjuncv95,2020-11-24 12:30:01
4,1331147579732717568,"‡∂ª‡∑è‡∂¢‡∑ä‚Äç‡∂∫ ‡∑É‡∑ö‡∑Ä‡∑è ‡∂ö‡∑ú‡∂∏‡∑í‡∑Ç‡∂±‡∑ä ‡∑É‡∂∑‡∑è‡∑Ä‡∑ö ‡∑É‡∑è‡∂∏‡∑è‡∂¢‡∑í‡∂ö‡∂∫‡∑í‡∂±‡∑ä ‡∑É‡∂∏‡∑ä‡∂∂‡∂±‡∑ä‡∂∞‡∂∫‡∑ô‡∂±‡∑ä ""‡∂∏‡∂±‡∑î‡∑Ç,‡∂∏‡∂ª‡∑í‡∂ö‡∑ä‡∂ö‡∑è‡∂ª‡∑ä"" ‡∂á‡∑É‡∑ñ ‡∂¥‡∑ä‚Äç‡∂ª‡∑Å‡∑ä‡∂± ‡∂ö‡∂≠‡∑è‡∂±‡∑è‡∂∫‡∂ö ‡∑Ä‡∑è‡∂ª‡∂´‡∂∫ ‡∂ö‡∂ª‡∂∫‡∑í https://t.co/46QnQUK5gy #srilanka #lka #news #news #breaking #today #president",2020-11-24 08:08:09
5,1331088848210649089,"‡∂Ö‡∂Ø ‡∂∏‡∑Ä‡∑ä‡∂∂‡∑í‡∂∏ ‡∂∫‡∂Ç - Young Generation 
‡∂∫‡∑ñ‡∂≠‡∑ä ‡∂ë‡∂ö‡∂ß ‡∂ß‡∑ô‡∂ö‡∑ä‡∂±‡∑ù ‡∂¢‡∑ú‡∂Ω‡∑í - Dropshipping ‡∑Ä‡∂Ω‡∑í‡∂±‡∑ä ‡∂ú‡∑ú‡∂©‡∂∫‡∂±‡∑ä‡∂±‡∑ö ‡∂ö‡∑ú‡∑Ñ‡∑ú‡∂∏‡∂Ø..?
üñãÔ∏è ‡∑Å‡∑ô‡∂±‡∑è‡∂∫‡∑è ‡∑Ñ‡∑ö‡∑Ä‡∑è‡∂ú‡∂∏

#mawbima #news Sri Lanka https://t.co/nRiWeTksn0",2020-11-24 04:14:46
6,1331048391996968960,"#WESTURN #Education 
‡∂∂‡∑É‡∑ä‡∂±‡∑è‡∑Ñ‡∑í‡∂ª ‡∂≠‡∑ô‡∑Ä‡∂± ‡∂¥‡∑è‡∑É‡∂Ω‡∑ä ‡∑Ä‡∑è‡∂ª‡∂∫...@SL Latest https://t.co/OboRWQJkIp via @YouTube",2020-11-24 01:34:00
7,1330862992053784579,"‡∂Ö‡∂Ø ‡∂Ø‡∑í‡∂± ‡∂ö‡∑ú‡∂ª‡∑ù‡∂±‡∑è ‡∂ª‡∑ù‡∂ú‡∑ì‡∂±‡∑ä 204‡∂ö‡∑ä ‡∑Ä‡∑è‡∂ª‡∑ä‡∂≠‡∑è ‡∑Ä‡∑ô‡∂∫‡∑í
#Srilankan #Srilanka #lka #Lanka #Ceylon #DGI #Government #Information #Department #News #infodprtsl #Coronavirus #Covid #Corona #Staysafe #Socialdistancing #Virus #Coronav #Pandemic https://t.co/Az5W30oShT",2020-11-23 13:17:18
8,1330848934793646080,‡∂∏‡∑ú‡∂ö‡∂ö‡∑ä‡∂Ø ‡∂∏‡∑ö ‡∂ö‡∑í‡∂∫‡∂±‡∑ä‡∂±‡∑ö?  ü§îü§îü§î #lka #news #SriLankan  #cmb #nethnews https://t.co/1BBlP5MXxl,2020-11-23 12:21:26
9,1330843178040254465,"‡∂ö‡∑è‡∂Ω‡∂ö‡∂±‡∑ä‡∂±‡∑í, ‡∂∏‡∑ù‡∂©, ‡∑Ä‡∑ê‡∂© ‡∂ö‡∂ª‡∂±‡∑ä‡∂± ‡∂∂‡∑ê‡∑Ñ‡∑ê ‡∂ö‡∑í‡∂∫‡∂± ‡∂å‡∂± ‡∂∏‡∑è‡∂±‡∑É‡∑í‡∂ö‡∂≠‡∑ä‡∑Ä‡∂∫‡∑ô‡∂±‡∑ä ‡∑É‡∑í‡∂ß‡∑í‡∂± ‡∂ú‡∑î‡∂ª‡∑î‡∑Ä‡∂±‡∑ä‡∂ú‡∑ö ‡∂Ö‡∑Ä‡∂Ø‡∑è‡∂±‡∂∫‡∂ß ‡∂∏‡∑ô‡∂∫ ‡∂∫‡∑ú‡∂∏‡∑î‡∂ö‡∑Ö ‡∂∫‡∑î‡∂≠‡∑î ‡∂±‡∑ú‡∑Ä‡∑ö‡∂Ø ? ‡∂∏‡∑ô‡∑Ä‡∂±‡∑ä ‡∂Ø‡∂ª‡∑î‡∑Ä‡∑ô‡∂ö‡∑ä ‡∂â‡∑Ñ‡∂Ω‡∂ß ‡∂ë‡∑É‡∑Ä‡∑ì‡∂∏‡∂ß ‡∂î‡∑Ñ‡∑î‡∂±‡∑ä‡∂ß ‡∂≠‡∑í‡∂∂‡∑ô‡∂± ‡∂Ø‡∑ê‡∂±‡∑î‡∂∏ ‡∂ö‡∑ú‡∂†‡∑ä‡∂†‡∂ª‡∂Ø ? #education @GotabayaR @GMOAMU @GYahampath @Neetwit",2020-11-23 11:58:34
10,1330830577457573889,‡∑Ñ‡∂ª‡∑ì‡∂±‡∑ä ‡∂¥‡∑è‡∂ª‡∑ä‡∂Ω‡∑í‡∂∏‡∑ö‡∂±‡∑ä‡∂≠‡∑î‡∑Ä‡∑ö ‡∂Ø‡∑ì ‡∂¢‡∂±‡∑è‡∂∞‡∑í‡∂¥‡∂≠‡∑í‡∂ú‡∑ô‡∂±‡∑ä ‡∂â‡∂Ω‡∑ä‡∂Ω‡∑ñ ‡∑Ä‡∑í‡∑Å‡∑ö‡∑Ç ‡∂â‡∂Ω‡∑ä‡∂Ω‡∑ì‡∂∏ https://t.co/wN4EE5zqaN #srilanka #lka #news #news #breaking #today #president,2020-11-23 11:08:29
11,1330760497700892673,Twitter ‡∑Ä‡∂Ω ‡∂á‡∂≠‡∑í bug ‡∂ë‡∂ö‡∂ö‡∑ä ‡∂±‡∑í‡∑É‡∑è‡∑Ä‡∑ô‡∂±‡∑ä ‡∂Ö‡∂Ω‡∑î‡∂≠‡∑í‡∂±‡∑ä ‡∂¥‡∑Ö ‡∂ö‡∂ª‡∂±‡∑î ‡∂Ω‡∑ê‡∂∂‡∑ñ ‡∂á‡∂≠‡∑ê‡∂∏‡∑ä Fleets ‡∂¥‡∑ê‡∂∫ 24‡∂ö‡∑í‡∂±‡∑ä ‡∑É‡∑ä‡∑Ä‡∑ä‚Äç‡∂∫‡∂Ç‡∂ö‡∑ä‚Äç‡∂ª‡∑ì‡∂∫‡∑Ä ‡∂∏‡∑ê‡∂ö‡∑ì ‡∂±‡∑ú‡∂∫‡∂± ‡∂∂‡∑Ä ‡∑Ä‡∑è‡∂ª‡∑ä‡∂≠‡∑è ‡∑Ä‡∑ô‡∂∫‡∑í #TechNewsLK #SriLanka #News https://t.co/LHYb4G5fm2,2020-11-23 06:30:01
12,1330755506701545474,‡∂Ö‡∑Ö‡∑î‡∂≠‡∑í‡∂±‡∑ä ‚ÄçLockdown ‡∂ö‡∂ª ‡∂á‡∂≠‡∑í ‡∑Ñ‡∑è ‡∑Ä‡∑í‡∑Ä‡∑ò‡∂≠ ‡∑Ä‡∂± ‡∂±‡∂ú‡∂ª ‡∂∏‡∑ô‡∂±‡∑ä‡∂± ‡∂¥‡∑ú‡∂Ω‡∑í‡∑É‡∑ä ‡∂∏‡∑è‡∂∞‡∑ä‚Äç‡∂∫ ‡∂¥‡∑ä‚Äç‡∂ª‡∂ö‡∑è‡∑Å‡∂ö‡∂ú‡∑ö ‡∂±‡∑Ä‡∂≠‡∂∏ ‡∂±‡∑í‡∑Ä‡∑ö‡∂Ø‡∂±‡∂∫ https://t.co/MvbqF34E3H #srilanka #lka #news #news #breaking #today #president,2020-11-23 06:10:11
13,1330494950451138561,"‡∂ö‡∑î‡∂ª‡∑î‡∂´‡∑ë‡∂ú‡∂Ω ‡∂Ø‡∑í‡∑É‡∑ä‡∂≠‡∑ä‚Äç‡∂ª‡∑í‡∂ö‡∑ä‡∂ö‡∂∫‡∑ö ‡∂≠‡∑ê‡∂¥‡∑ê‡∂Ω‡∑ä ‡∂ö‡∂ß‡∂∫‡∑î‡∂≠‡∑î ‡∂≠‡∑è‡∑Ä‡∂ö‡∑è‡∂Ω‡∑í‡∂ö‡∑Ä ‡∂Ö‡∂≠‡∑ä‡∑Ñ‡∑í‡∂ß‡∑î‡∑Ä‡∑ì‡∂∏
#Srilankan #Srilanka #lka #Lanka #Ceylon #DGI #Government #Information #Department #News #infodprtsl #Coronavirus #Covid #Corona #Staysafe #Socialdistancing #Virus #Coronav #Pandemic https://t.co/qsRNYWpxnA https://t.co/c6pj8vC9V3",2020-11-22 12:54:50
14,1330488705233027072,Windows 7 ‡∑Ä‡∂Ω‡∂ß Chrome ‡∑É‡∂≥‡∑Ñ‡∑è ‡∑É‡∑Ñ‡∑è‡∂∫ ‡∂Ω‡∂∂‡∑è‡∂Ø‡∑ì‡∂∏‡∑ö ‡∂ö‡∑è‡∂Ω‡∑É‡∑ì‡∂∏‡∑è‡∑Ä ‡∂Ø‡∑ì‡∂ª‡∑ä‡∂ù ‡∂ö‡∑í‡∂ª‡∑ì‡∂∏‡∂ß Google ‡∑É‡∂∏‡∑è‡∂ú‡∂∏ ‡∂≠‡∑ì‡∂ª‡∂´‡∂∫ ‡∂ö‡∂ª‡∂∫‡∑í #TechNewsLK #SriLanka #News https://t.co/FHlIY6Zrjf,2020-11-22 12:30:01
15,1330440668372561921,"‡∂ö‡∑î‡∂ª‡∑î‡∂´‡∑ë‡∂ú‡∂Ω ‡∂Ø‡∑í‡∑É‡∑ä‡∂≠‡∑ä‚Äç‡∂ª‡∑í‡∂ö‡∑ä‡∂ö‡∂∫‡∑ö ‡∂≠‡∑ê‡∂¥‡∑ê‡∂Ω‡∑ä ‡∂ö‡∂ß‡∂∫‡∑î‡∂≠‡∑î ‡∂≠‡∑è‡∑Ä‡∂ö‡∑è‡∂Ω‡∑í‡∂ö‡∑Ä ‡∂Ö‡∂≠‡∑ä‡∑Ñ‡∑í‡∂ß‡∑î‡∑Ä‡∑ì‡∂∏
#Srilankan #Srilanka #lka #Lanka #Ceylon #DGI #Government #Information #Department #News #infodprtsl #Coronavirus #Covid #Corona #Staysafe #Socialdistancing #Virus #Coronav #Pandemic https://t.co/wOB28Wj0mg",2020-11-22 09:19:08
16,1330394194867785729,"""‡∂ö‡∑ú‡∂ª‡∑ù‡∂±‡∑è ‡∂∏‡∂ª‡∂´ ‡∂±‡∂∏‡∂∫‡∑ô‡∂±‡∑ä ‡∂¥‡∑Ñ‡∂ö‡∑ä ‡∂∏‡∑ê‡∂ª‡∑î‡∂´‡∑ö ‡∂ö‡∂Ω‡∑í‡∂±‡∑ä""  

 #lka  #SriLanka #news #COVID19 #COVID19LK #COVID19SL #CovidDeaths https://t.co/vw3qP102jh",2020-11-22 06:14:28
17,1330391833365663747,"‡∑Ñ‡∑ô‡∂ß ‡∂¥‡∑è‡∑É‡∂Ω‡∑ä ‡∂Ü‡∂ª‡∂∏‡∑ä‡∂∑‡∂∫ ‡∂ú‡∑ê‡∂± ‡∂Ö‡∂∞‡∑ä‚Äç‡∂∫‡∑è‡∂¥‡∂± ‡∂Ö‡∂∏‡∑è‡∂≠‡∑ä‚Äç‡∂∫‡∂Ç‡∑Å‡∂∫ ‡∂Ω‡∑ö‡∂ö‡∂∏‡∑ä‡∑Ä‡∂ª‡∂∫‡∑ô‡∂±‡∑ä ‡∂¥‡∑ä‚Äç‡∂ª‡∂ö‡∑è‡∑Å‡∂∫‡∂ö‡∑ä 
https://t.co/zff0mfwHDK 
#lka #School #Start #Education #ministry #FastNews",2020-11-22 06:05:05
18,1330381938121695233,"‡∂ö‡∑ú‡∂ª‡∑ù‡∂±‡∑è ‡∂∏‡∂ª‡∂´ ‡∂±‡∂∏‡∂∫‡∑ô‡∂±‡∑ä ‡∂¥‡∑Ñ‡∂ö‡∑ä ‡∂∏‡∑ê‡∂ª‡∑î‡∂´‡∑ö ‡∂ö‡∂Ω‡∑í‡∂±‡∑ä"" 
#lka #SriLanka #news #COVID19 #COVID19LK #COVID19SL #CovidDeaths https://t.co/5HKy9WBi3E",2020-11-22 05:25:46
19,1330381624681361409,"‡∑Ä‡∑í‡∂Ω‡∑ä‡∂¥‡∂≠‡∑ä‡∂≠‡∑î ‡∂≠‡∑ì‡∂±‡∑ä‡∂Ø‡∑î‡∑Ä‡∂ß ‡∂ë‡∂ª‡∑ô‡∑Ñ‡∑í‡∑Ä ‡∂ª‡∑í‡∑Ç‡∑è‡∂©‡∑ä ‡∑Å‡∑ä‚Äç‡∂ª‡∑ö‡∑Ç‡∑ä‡∂®‡∑è‡∂∞‡∑í‡∂ö‡∂ª‡∂´‡∂∫‡∂ß ! 
#lka #SriLanka #news #deforestation #rishadbathiudeen #environmentallaw https://t.co/WZLVFaDmyq",2020-11-22 05:24:31
20,1330381321789648897,"‡∑Ä‡∂ª‡∑è‡∂∫‡∑ö ‡∂≠‡∂Ø‡∂∂‡∂Ø‡∂∫‡∑ô‡∂±‡∑ä ‡∂∫‡∑î‡∂ª‡∑ù‡∂¥‡∑è ‡∂±‡∑ê‡∑Ä‡∑ä ‡∂ú‡∑è‡∑É‡∑ä‡∂≠‡∑î 50% ‡∂ö‡∑í‡∂±‡∑ä ‡∂â‡∑Ñ‡∂Ω ‡∂ú‡∑í‡∑Ñ‡∑í‡∂±‡∑ä
#lka #SriLanka #news #COVID19LK #COVID19SL #COVID19 #exports #imports https://t.co/qiuKokaAOP",2020-11-22 05:23:19
21,1330341984020598786,‡∂∫‡∑è‡∂¥‡∂±‡∂∫ ‡∂¥‡∑ô‡∂ª‡∂¥‡∑è‡∑É‡∂Ω‡∑ä ‡∂ú‡∑î‡∂ª‡∑î‡∑Ä‡∂ª‡∑î‡∂±‡∑ä ‡∑É‡∂∏‡∂ú ‡∂î‡∑Ä‡∑î‡∂±‡∑ä‡∂ú‡∑ö ‡∂ú‡∑ê‡∂ß‡∂Ω‡∑î  ‡∑É‡∑è‡∂ö‡∂†‡∑ä‡∂°‡∑è ‡∂ö‡∂ª‡∂∏‡∑í‡∂±‡∑ä #preschoolforall #Playgroup #Nursery #Kids #Education #Fun #PlayandLearn #ChildCare #TheSecondMother #learning https://t.co/kYOVuqlEX5,2020-11-22 02:47:00
22,1330226672885518336,‡∂∏‡∑Ñ‡∂±‡∑è‡∂∫‡∂ö ‡∑Ñ‡∑í‡∂∏‡∑í‡∂∫‡∂±‡∑ä‡∂ß ‡∂ú‡∑û‡∂ª‡∑Ä ‡∂Ø‡∂ö‡∑ä‡∑Ä‡∂±‡∑ä‡∂± ‡∑Ä‡∑í‡∂¥‡∂ö‡∑ä‡∑Ç ‡∂±‡∑è‡∂∫‡∂ö ‡∂ö‡∑Ö ‡∂â‡∂Ω‡∑ä‡∂Ω‡∑ì‡∂∏‡∂ß ‡∂ö‡∂≠‡∑è‡∂±‡∑è‡∂∫‡∂ö ‡∑Ä‡∑í‡∂ª‡∑î‡∂Ø‡∑ä‡∂∞ ‡∑Ä‡∑ô‡∂∫‡∑í https://t.co/zz00Q0WEcT #srilanka #lka #news #news #breaking #today #president,2020-11-21 19:08:47
23,1330052397406822400,"‡∑Ñ‡∑ê‡∂ß‡∑ô‡∂±‡∑ä ‡∂ú‡∑í‡∂∫‡∑ú‡∂≠‡∑ä ‡∂≠‡∂ª‡∑î‡∂´‡∂∫‡∂±‡∑ä‡∂ß ‡∂ª‡∑ê‡∂ö‡∑í‡∂∫‡∑è ‡∂¥‡∑ä‚Äç‡∂ª‡∑Å‡∑ä‡∂± 
#lka #news #unemployment #retirement #Budget2021 https://t.co/CKXoE1ymF8",2020-11-21 07:36:17
24,1330052172785082369,"‡∂Ö‡∂ß‡∑î‡∂Ω‡∑î‡∂ú‡∂∏‡∂ß ‡∂∫‡∑Ö‡∑í‡∂≠‡∑ä ‡∂Ö‡∂ú‡∑î‡∑Ö‡∑î ‡∑Ä‡∑ê‡∂ß‡∑ô‡∂∫‡∑í
#lka #news #COVID19 #Isolation #QuarantineLife https://t.co/WxY45ZDRWG",2020-11-21 07:35:23
25,1330023745168130050,"‡∂ã‡∂´ ‡∂∂‡∂Ω‡∂±‡∑ä‡∂±‡∂≠‡∑ä ‡∂©‡∑ä‚Äç‡∂ª‡∑ù‡∂± ‡∂ú‡∂±‡∑ä‡∂± ‡∑Ñ‡∂Ø‡∂∫‡∑í
#lka #SriLanka #news #Covid_19 #drones #dronetech https://t.co/GN0RIyCHQf",2020-11-21 05:42:26
26,1330003485660565506,"‡∑Ñ‡∑ô‡∂ª‡∑ú‡∂∫‡∑í‡∂±‡∑ä ‡∂ö‡∑í‡∂Ω‡∑ù‡∂ú‡∑ä‚Äç‡∂ª‡∑ë‡∂∏‡∑ä 100‡∂ö‡∑ä ‡∑É‡∂∏‡∂ú ‡∑É‡∑ê‡∂ö‡∂ö‡∂ª‡∑î‡∑Ä‡∂±‡∑ä 03‡∂ö‡∑ä ‡∂Ö‡∂≠‡∑ä‡∂Ö‡∂©‡∂Ç‡∂ú‡∑î‡∑Ä‡∂ß

Read more &gt;&gt; https://t.co/B04vkR82Za

#AayuboN #lka #news #Srilanka #aayubonews #alert #heroine #drugs #police #arrest #100kg #weligama",2020-11-21 04:21:55
27,1329849165225070594,‡∑Ñ‡∑í‡∂ª‡∑ö ‡∂Ø‡∑ê‡∂∏‡∑ä‡∂∏‡∂∫‡∑í ‡∂ö‡∑í‡∂∫‡∂Ω‡∑è ‡∂∏‡∑ö ‡∑Ä‡∂±‡∑ä‡∑Ç‡∑ú‡∂ß‡∑ä‡∂ú‡∑ö ‡∂ö‡∂ß ‡∂±‡∑Ä‡∂≠‡∑ä‡∂≠‡∂±‡∑ä‡∂± ‡∂∂‡∑ë https://t.co/XofeQcVNRz #srilanka #lka #news #news #breaking #today #president,2020-11-20 18:08:43
28,1329831909677993986,"‡∂∏‡∑í‡∂Ω‡∂Ø‡∑ì ‡∂ú‡∑ê‡∂±‡∑ì‡∂∏‡∂ß ‡∂Ø‡∑ê‡∂±‡∑ä‡∂∏ ‡∂Ö‡∂∏‡∂≠‡∂±‡∑ä‡∂±,
‡∑Ä‡∑í‡∂¢‡∂∫‡∑É‡∑í‡∂ª‡∑í ‡∂ú‡∑í‡∑Ü‡∑ä‡∂ß‡∑ä ‡∑É‡∑ô‡∂±‡∑ä‡∂ß‡∂ª‡∑ä ‡∂¥‡∑è‡∂±‡∂≥‡∑î‡∂ª.
038 - 2232153

#tomahawk #ladiesbike #islandwide #kids #mountains #sports #bmx #kenstar #kenton #bicycles #bandnewbikes #srilanka https://t.co/zwssFEcGyg",2020-11-20 17:00:09
29,1329763934794989573,WhatsApp ‡∂¥‡∂ª‡∑í‡∑Å‡∑ì‡∂Ω‡∂ö‡∂∫‡∂±‡∑ä ‡∑Ñ‡∂ß ‡∂â‡∂Ø‡∑í‡∂ª‡∑í‡∂∫‡∑ö‡∂Ø‡∑ì videos share ‡∂ö‡∑í‡∂ª‡∑ì‡∂∏‡∂ß ‡∂¥‡∑ô‡∂ª mute ‡∂ö‡∑í‡∂ª‡∑ì‡∂∏‡∂ß ‡∑Ä‡∑í‡∑Å‡∑ö‡∑Ç‡∑è‡∂Ç‡∂ú‡∂∫‡∂ö‡∑ä ‡∑Ñ‡∂≥‡∑î‡∂±‡∑ä‡∑Ä‡∑è‡∂Ø‡∑ì‡∂∏‡∂ß Whatsapp ‡∂Ü‡∂∫‡∂≠‡∂±‡∂∫ ‡∂ö‡∂ß‡∂∫‡∑î‡∂≠‡∑î ‡∂ö‡∂ª‡∂± ‡∂Ω‡∂ö‡∑î‡∂´‡∑î #TechNewsLK #SriLanka #News https://t.co/Pc8oSoUuVF,2020-11-20 12:30:02
30,1329682981242494976,‡∂¢‡∂±‡∑è‡∂∞‡∑í‡∂¥‡∂≠‡∑í ‡∂≠‡∑î‡∂∏‡∑è ‡∂¢‡∑è‡∂≠‡∑í‡∂∫ ‡∂á‡∂∏‡∂≠‡∑ì‡∂∏ ‡∂ö‡∂Ω‡∑ö 69 ‡∂Ω‡∂ö‡∑ä‡∑Ç‡∂∫‡∂ß ‡∑Ä‡∑í‡∂≠‡∂ª‡∂∫‡∑í https://t.co/UXGFLgeb3W #srilanka #lka #news #news #breaking #today #president,2020-11-20 07:08:21
31,1329637646566453249,"‡∂∏‡∑Ñ‡∂¢‡∂± ‡∑É‡∑ö‡∑Ä‡∂∫‡∑ö‡∂Ø‡∑ì ‡∂¥‡∑ú‡∂≠‡∑ö ‡∂±‡∑ì‡∂≠‡∑í‡∂∫‡∂ß ‡∂ã‡∂©‡∑í‡∂±‡∑ä ‡∂∫‡∑è‡∂∏ ‡∑Ä‡∂ª‡∂Ø‡∂ö‡∑ä ‡∂±‡∑ú‡∑Ä‡∑ö - ‡∂Ω‡∂Ω‡∑í‡∂≠‡∑ä ‡∑Ä‡∑ì‡∂ª‡∂≠‡∑î‡∂Ç‡∂ú. #lka #SriLanka #news 

https://t.co/Bo1mwBzg5i",2020-11-20 04:08:13
32,1329579360269963267,"‡∂Ö‡∂¥‡∑ö #SriLanka ‡∑Ä‡∑ô‡∂±‡∑ä‡∂±‡∑ö ‡∂ë‡∂ö‡∑ö ‡∂Ö‡∂±‡∑í‡∂≠‡∑ä ‡∂¥‡∑ê‡∂≠‡∑ä‡∂≠. #JVP ‡∂ú‡∑î‡∂ª‡∑î ‡∑É‡∂Ç‡∂ú‡∂∏‡∑ä ‡∂¥‡∑í‡∂±‡∂ß ‡∂ö‡∂±‡∑ä‡∂± ‡∂∂‡∂Ω‡∑è‡∂ú‡∑ô‡∂± ‡∂â‡∂±‡∑ä‡∂±‡∑Ä‡∑è #education ‡∂∂‡∂Ω‡∂∞‡∑è‡∂ª‡∑ì‡∂±‡∑ä ‡∂¥‡∑Ö‡∂∏‡∑î‡∑Ä #schools ‡∑Ä‡∑Ñ‡∂ú‡∂≠‡∑ä‡∂≠‡∑è. ‡∂∏‡∑ö ‡∂ª‡∂ß‡∑ö ‡∑Ñ‡∑ê‡∂∏ ‡∂Ø‡∂ª‡∑î‡∑Ä‡∑ô‡∂ö‡∑ä‡∂∏, ‡∂∏‡∑ö ‡∂ª‡∂ß‡∑ö ‡∂Ö‡∂Ø‡∑ä‚Äç‡∂∫‡∑è‡∂¥‡∂±‡∂∫ ‡∂Ö‡∑Ä‡∑î‡∂ª‡∑î‡∂Ø‡∑ä‡∂Ø‡∂ö‡∑ä ‡∂¥‡∑É‡∑ä‡∑É‡∂ß ‡∂∫‡∑ê‡∑Ä‡∑î‡∑Ä‡∑è. @GotabayaR ‡∂¢‡∂±‡∑è‡∂∞‡∑í‡∂¥‡∂≠‡∑í‡∂≠‡∑î‡∂∏‡∑è ‡∂∏‡∑ì‡∂ß‡∂≠‡∑ä ‡∑Ä‡∂©‡∑è ‡∂≠‡∂Ø ‡∑Ä‡∑í‡∂Ø‡∑í‡∂∫‡∂ß ‡∂∏‡∑ö ‡∂ú‡∑ê‡∂±‡∂±‡∂∏‡∑ä ‡∑É‡∑í‡∂≠‡∑í‡∂∫ ‡∂∫‡∑î‡∂≠‡∑î‡∂∏‡∂∫.  ‡∂¥‡∑è‡∑É‡∂Ω‡∑ä ‡∑Ä‡∑í‡∑Ä‡∑î‡∂ª‡∑ä‡∂≠ ‡∑Ä‡∑í‡∂∫ ‡∂∫‡∑î‡∂≠‡∑î‡∂∏‡∂∫ https://t.co/llyvsffjBH",2020-11-20 00:16:36
33,1329579233908121601,"‡∂Ö‡∂¥‡∑ö #SriLanka ‡∑Ä‡∑ô‡∂±‡∑ä‡∂±‡∑ö ‡∂ë‡∂ö‡∑ö ‡∂Ö‡∂±‡∑í‡∂≠‡∑ä ‡∂¥‡∑ê‡∂≠‡∑ä‡∂≠. #JVP ‡∂ú‡∑î‡∂ª‡∑î ‡∑É‡∂Ç‡∂ú‡∂∏‡∑ä ‡∂¥‡∑í‡∂±‡∂ß ‡∂ö‡∂±‡∑ä‡∂± ‡∂∂‡∂Ω‡∑è‡∂ú‡∑ô‡∂± ‡∂â‡∂±‡∑ä‡∂±‡∑Ä‡∑è #education ‡∂∂‡∂Ω‡∂∞‡∑è‡∂ª‡∑ì‡∂±‡∑ä ‡∂¥‡∑Ö‡∂∏‡∑î‡∑Ä #schools ‡∑Ä‡∑Ñ‡∂ú‡∂≠‡∑ä‡∂≠‡∑è. ‡∂∏‡∑ö ‡∂ª‡∂ß‡∑ö ‡∑Ñ‡∑ê‡∂∏ ‡∂Ø‡∂ª‡∑î‡∑Ä‡∑ô‡∂ö‡∑ä‡∂∏, ‡∂∏‡∑ö ‡∂ª‡∂ß‡∑ö ‡∂Ö‡∂Ø‡∑ä‚Äç‡∂∫‡∑è‡∂¥‡∂±‡∂∫ ‡∂Ö‡∑Ä‡∑î‡∂ª‡∑î‡∂Ø‡∑ä‡∂Ø‡∂ö‡∑ä ‡∂¥‡∑É‡∑ä‡∑É‡∂ß ‡∂∫‡∑ê‡∑Ä‡∑î‡∑Ä‡∑è. @GotabayaR ‡∂¢‡∂±‡∑è‡∂∞‡∑í‡∂¥‡∂≠‡∑í‡∂≠‡∑î‡∂∏‡∑è ‡∂∏‡∑ì‡∂ß‡∂≠‡∑ä ‡∑Ä‡∂©‡∑è ‡∂≠‡∂Ø ‡∑Ä‡∑í‡∂Ø‡∑í‡∂∫‡∂ß ‡∂∏‡∑ö ‡∂ú‡∑ê‡∂±‡∂±‡∂∏‡∑ä ‡∑É‡∑í‡∂≠‡∑í‡∂∫ ‡∂∫‡∑î‡∂≠‡∑î‡∂∏‡∂∫.  ‡∂¥‡∑è‡∑É‡∂Ω‡∑ä ‡∑Ä‡∑í‡∑Ä‡∑î‡∂ª‡∑ä‡∂≠ ‡∑Ä‡∑í‡∂∫ ‡∂∫‡∑î‡∂≠‡∑î‡∂∏‡∂∫ https://t.co/cCQHXNUzYk",2020-11-20 00:16:06
0,1357667793454305287,Camera ‡∂ë‡∂ö ‡∑Ñ‡∂ª‡∑Ñ‡∑è Heart rate ‡∂ë‡∂ö ‡∑Ñ‡∑è ‡∑Ñ‡∑î‡∑É‡∑ä‡∂∏ ‡∂ú‡∑ê‡∂±‡∑ì‡∂∏‡∑ö ‡∑Ä‡∑ö‡∂ú‡∂∫ ‡∂∏‡∑ê‡∂±‡∑ì‡∂∏‡∑ö ‡∂±‡∑Ä ‡∂¥‡∑Ñ‡∑É‡∑î‡∂ö‡∂∏‡∂ö‡∑ä Pixel ‡∂Ø‡∑î‡∂ª‡∂ö‡∂Æ‡∂± ‡∑Ä‡∂Ω‡∂ß ‡∂ë‡∂ö‡∂≠‡∑î ‡∂ö‡∑í‡∂ª‡∑ì‡∂∏‡∂ß Google ‡∑É‡∂∏‡∑è‡∂ú‡∂∏ ‡∂ö‡∂ß‡∂∫‡∑î‡∂≠‡∑î ‡∂ö‡∂ª‡∂± ‡∂Ω‡∂ö‡∑î‡∂´‡∑î #TechNewsLK #SriLanka #News https://t.co/AXBHol1K5U,2021-02-05 12:30:00
1,1357650848956973058,"‡∂ö‡∑ê‡∑Ö‡∂´‡∑í‡∑Ä‡∑ê‡∂Ω‡∑í ‡∂Ø‡∑î‡∂∏‡∑ä‡∂ª‡∑í‡∂∫ ‡∂∏‡∑è‡∂ª‡∑ä‡∂ú‡∂∫‡∑ö ‡∂∫‡∂± ‡∂ë‡∂± ‡∂Ö‡∂∫‡∂ß ‡∑É‡∑î‡∂∂ ‡∂¥‡∑î‡∑Ä‡∂≠‡∂ö‡∑ä...

#Transporte #trains #SLK #Union #news 
https://t.co/JlEL5MtQe7",2021-02-05 11:22:40
2,1357617932444917766,"‡∂∏‡∑í‡∑Ñ‡∑í‡∂≥‡∑î ‡∂±‡∑í‡∑Ä‡∑Ñ‡∂± ‡∂±‡∑í‡∑Ä‡∑è‡∑É ‡∑Ä‡∑ê‡∂©‡∑É‡∂ß‡∑Ñ‡∂± ‡∂ú‡∂ª‡∑î ‡∂Ö‡∂ú‡∑ä‚Äç‡∂ª‡∑è‡∂∏‡∑è‡∂≠‡∑ä‚Äç‡∂∫ ‡∂∏‡∑Ñ‡∑í‡∂±‡∑ä‡∂Ø ‡∂ª‡∑è‡∂¢‡∂¥‡∂ö‡∑ä‡∑Ç ‡∂∏‡∑ê‡∂≠‡∑í‡∂≠‡∑î‡∂∏‡∑è‡∂ú‡∑ö  ‡∂¥‡∑ä‚Äç‡∂ª‡∂∞‡∑è‡∂±‡∂≠‡∑ä‡∑Ä‡∂∫‡∑ô‡∂±‡∑ä ‡∂¥‡∑ô‡∂∂‡∂ª‡∑Ä‡∑è‡∂ª‡∑í 07 ‡∑Ä‡∑ê‡∂±‡∑í‡∂Ø‡∑è  ‡∂¥‡∑ô.‡∑Ä. 09.30 ‡∂ß, ‡∂∏‡∑ú‡∂´‡∂ª‡∑è‡∂ú‡∂Ω, ‡∑É‡∑í‡∂∫‡∂π‡∂Ω‡∑è‡∂´‡∑ä‡∂©‡∑î‡∑Ä, ‡∂∂‡∑î‡∂Ø‡∑ä‡∂∞‡∂∏ ‡∂Ø‡∑ì ‡∂á‡∂ª‡∂π‡∑ö.
#Srilankan #Srilanka #lka #Lanka #Ceylon #DGI #Government #Information #Department #News #infodprtsl https://t.co/XHqlBI50ff",2021-02-05 09:11:53
3,1357617824622137349,"‡∑Ñ‡∂∫‡∑í‡∂Ω‡∑ô‡∑Ä‡∂Ω‡∑ä ‡∂∏‡∑è‡∂ª‡∑ä‡∂ú ‡∂≠‡∂Ø‡∂∂‡∂Ø‡∂∫‚Äç‡∂ß ‡∂¥‡∑í‡∑Ö‡∑í‡∂∫‡∂∏‡∂ö‡∑ä ‡∂Ω‡∑ô‡∑É ‡∂ö‡∑ê‡∑Ö‡∂´‡∑í‡∑Ä‡∑ê‡∂Ω‡∑í‡∂∫‡∂ß ‡∂±‡∑Ä ‡∂Ø‡∑î‡∂∏‡∑ä‡∂ª‡∑í‡∂∫‡∂ö‡∑ä
‡∑Ñ‡∑ù‡∂∏‡∑è‡∂ú‡∂∏‡∑í‡∂±‡∑ä ‡∂¥‡∑í‡∂ß‡∂≠‡∑ä ‡∑Ä‡∑ì‡∂∏ ‡∂¥‡∑ô‡∂ª‡∑Ä‡∂ª‡∑î 7.00‡∂ß 
------------------------------------------------------------------------------
#Srilankan #Srilanka #lka #Lanka #Ceylon #DGI #Government #Information #Department #News #infodprtsl https://t.co/5YZvlmxbwT",2021-02-05 09:11:27
4,1357587328747847681,"‡∑Å‡∑ä‚Äç‡∂ª‡∑ì ‡∂Ω‡∂Ç‡∂ö‡∑è‡∑Ä‡∑ö ‡∂ö‡∑ú‡∑Ä‡∑í‡∂©‡∑ä-19 ‡∂Ü‡∑É‡∑è‡∂Ø‡∑í‡∂≠‡∂∫‡∑í‡∂±‡∑ä ‡∑Ä‡∑è‡∂ª‡∑ä‡∂≠‡∑è‡∑Ä‡∑ì‡∂∏ | ‡∂Ø‡∑í‡∑É‡∑ä‡∂≠‡∑ä‚Äç‡∂ª‡∑í‡∂ö‡∑ä‡∂ö ‡∑Ä‡∑ä‡∂∫‡∑è‡∂¥‡∑ä‡∂≠‡∑í‡∂∫ | 2021-02-04
#Srilankan #Srilanka #lka #Lanka #Ceylon #DGI #Government #Information #Department #News #infodprtsl #Coronavirus #Covid #Corona #Staysafe #Socialdistancing #Virus #Coronav #Pandemic https://t.co/DGeaYpo0Vn",2021-02-05 07:10:16
5,1357587283109703681,"‡∑Å‡∑ä‚Äç‡∂ª‡∑ì ‡∂Ω‡∂Ç‡∂ö‡∑è‡∑Ä‡∑ö ‡∂ö‡∑ú‡∑Ä‡∑í‡∂©‡∑ä-19 ‡∂Ü‡∑É‡∑è‡∂Ø‡∑í‡∂≠‡∂∫‡∑í‡∂±‡∑ä ‡∑Ä‡∑è‡∂ª‡∑ä‡∂≠‡∑è‡∑Ä‡∑ì‡∂∏ | ‡∂Ø‡∑í‡∑É‡∑ä‡∂≠‡∑ä‚Äç‡∂ª‡∑í‡∂ö‡∑ä‡∂ö ‡∑Ä‡∑ä‡∂∫‡∑è‡∂¥‡∑ä‡∂≠‡∑í‡∂∫ | 2021-02-04
#Srilankan #Srilanka #lka #Lanka #Ceylon #DGI #Government #Information #Department #News #infodprtsl #Coronavirus #Covid #Corona #Staysafe #Socialdistancing #Virus #Coronav #Pandemic https://t.co/wrwGFiC8Bb",2021-02-05 07:10:05
6,1357563007858008064,"‡∑Ñ‡∑î‡∂Ø‡∂ö‡∂Ω‡∑è ‡∂∂‡∑Ä ‡∂â‡∑Ä‡∂≠‡∑ä ‡∂ö‡∑í‡∂ª‡∑ì‡∂∏ ‡∑Ñ‡∑è ‡∂Ö‡∂Ω‡∑î‡∂≠‡∑í‡∂±‡∑ä ‡∂¥‡∑ê‡∂±‡∑Ä‡∑ì‡∂∏ ‡∑É‡∂∏‡∑ä‡∂∂‡∂±‡∑ä‡∂Ø ‡∂±‡∑í‡∑Ä‡∑ö‡∂Ø‡∂±‡∂∫
#Srilankan #Srilanka #lka #Lanka #Ceylon #DGI #Government #Information #Department #News #infodprtsl #Coronavirus #Covid #Corona #Staysafe #Socialdistancing #Virus #Coronav #Pandemic https://t.co/jQnkyddwOJ",2021-02-05 05:33:38
7,1357530136501866497,"üá±üá∞ ‡∂ª‡∂ß ‡∂ú‡∑ú‡∂©‡∂±‡∂ú‡∂± ‡∑Ñ‡∑ú‡∂≥ ‡∂±‡∑è‡∂∫‡∂ö‡∂∫‡∑ô‡∂ö‡∑ä ‡∂ë‡∂±‡∂ö‡∂±‡∑ä ‡∂Ü‡∂´‡∑ä‡∂©‡∑î ‡∂¥‡∑ô‡∂ª‡∑Ö‡∂±‡∑Ä‡∑è ‡∂∏‡∑ö ‡∂ª‡∂ß‡∑ö ‡∂¢‡∂±‡∂≠‡∑è‡∑Ä.. - ‡∂∏‡∑Ñ‡∑è‡∂†‡∑è‡∂ª‡∑ä‡∂∫ ‡∂±‡∂±‡∑ä‡∂Ø ‡∂∞‡∂ª‡∑ä‡∂∏‡∂ª‡∂≠‡∑ä‡∂± 
‚ñ∂Ô∏è https://t.co/rT9Bn5shzI
#dawasa‚Äã #political‚Äã #srilanka‚Äã #IndependenceDay‚Äã‚Äã ‚Äã‚Äã #nidahasa‚Äã‚Äã‚Äã  #News1st‚Äã‚Äã‚Äã #ProfDharmarathna",2021-02-05 03:23:00
8,1357375677436108801,"- 2021.02.04 -
üëá73 ‡∑Ä‡∂± ‡∂±‡∑í‡∂Ø‡∑Ñ‡∑É‡∑ä ‡∂Ø‡∑í‡∂± ‡∂ö‡∂≠‡∑ù‡∂Ω‡∑í‡∂ö ‡∂Ø‡∑ö‡∑Ä ‡∂∏‡∑ô‡∑Ñ‡∑ô‡∂∫ ‡∂∂‡∑ú‡∂ª‡∑ê‡∂Ω‡∑ä‡∂Ω ‡∑É‡∑í‡∂∫‡∑Ö‡∑î ‡∑É‡∑è‡∂±‡∑ä‡∂≠‡∑î‡∑Ä‡∂ª‡∑î‡∂±‡∑ä‡∂ú‡∑ö ‡∂Ø‡∑ô‡∑Ä‡∑ä‡∂∏‡∑ê‡∂Ø‡∑î‡∂ª‡∑ö‡∂Ø‡∑ì ‡∑É‡∑í‡∂Ø‡∑î‡∂ö‡∑ô‡∂ª‡∑í‡∂´
#DGI #Government #Information #Department #News 
#Srilanka https://t.co/ErwEgtL95Z",2021-02-04 17:09:14
9,1357312955465928704,2017 ‡∑Ä‡∂ª‡∑ä‡∑Ç‡∂∫‡∑ö‡∂Ø‡∑ì ‡∂±‡∑í‡∂ö‡∑î‡∂≠‡∑ä ‡∂ö‡∑Ö Galaxy ‡∂¢‡∂Ç‡∂ú‡∂∏ ‡∂Ø‡∑î‡∂ª‡∂ö‡∂Æ‡∂± 4‡∂ö‡∑ä ‡∑É‡∂≥‡∑Ñ‡∑è security updates ‡∂Ω‡∂∂‡∑è‡∂Ø‡∑ì‡∂∏ ‡∂±‡∂≠‡∂ª ‡∂ö‡∑í‡∂ª‡∑ì‡∂∏‡∂ß Samsung ‡∑É‡∂∏‡∑è‡∂ú‡∂∏ ‡∂ö‡∂ß‡∂∫‡∑î‡∂≠‡∑î ‡∂ö‡∂ª‡∂∫‡∑í #TechNewsLK #SriLanka #News https://t.co/Zqjyv4s2vp,2021-02-04 13:00:00
10,1357275207577214979,"Android TV ‡∑É‡∂≥‡∑Ñ‡∑è TikTok app ‡∂ë‡∂ö‡∂ö‡∑ä 
‡∂±‡∑í‡∑Ö ‡∑Ä‡∑Å‡∂∫‡∑ô‡∂±‡∑ä ‡∂±‡∑í‡∂ö‡∑î‡∂≠‡∑ä ‡∂ö‡∑í‡∂ª‡∑ì‡∂∏‡∂ß ByteDance ‡∑É‡∂∏‡∑è‡∂ú‡∂∏ ‡∂ö‡∂ß‡∂∫‡∑î‡∂≠‡∑î ‡∂ö‡∂ª‡∂∫‡∑í #TechNewsLK #SriLanka #News https://t.co/j1Rjob9wRi",2021-02-04 10:30:01
11,1357109231456038914,"‡∂Ö‡∂Ø ‡∂¥‡∑É‡∑ä‡∑Ä‡∂ª‡∑î 8 ‡∑Ä‡∂± ‡∑Ä‡∑í‡∂ß ‡∂ö‡∑ú‡∑Ä‡∑í‡∂©‡∑ä 19 ‡∂¥‡∑ä‚Äç‡∂ª‡∂≠‡∑í‡∑Å‡∂ö‡∑ä‡∂≠‡∑í‡∂ö‡∂ª‡∂´ ‡∑Ä‡∑ê‡∂©‡∑É‡∂ß‡∑Ñ‡∂±‡∑ö ‡∂¥‡∑ä‚Äç‡∂ª‡∂ú‡∂≠‡∑í‡∂∫ 

#DGI #Government #Information #Department #News #infodprtsl 
#Srilanka #Covid19 #Coronavirus #StaySafe #SocialDistancing #Virus #pandemic https://t.co/HAV8zkUxFj",2021-02-03 23:30:29
12,1356934590586376192,"‚ñ∂Ô∏è‡∂Ω‡∑Ñ‡∑í‡∂ª‡∑î ‡∂≠‡∑í‡∂ª‡∑í‡∂∏‡∑è‡∂±‡∑ä‡∂± ‡∑Ñ‡∑è ‡∂∏‡∑í‡∂ö‡∑ì ‡∂Ü‡∂≠‡∂ª‡∑ä ‡∂ö‡∑ú‡∑Ä‡∑í‡∂©‡∑ä ‡∂¥‡∑ú‡∑É‡∑í‡∂ß‡∑í‡∑Ä‡∑ä ‡∂≠‡∂≠‡∑ä‡∑Ä‡∂∫‡∂ß ‡∂¥‡∂≠‡∑ä‡∑Ä ‡∂á‡∂≠‡∑í‡∂∂‡∑Ä ‡∂Ü‡∂ª‡∂±‡∑ä‡∂†‡∑í‡∂∏‡∑è‡∂ª‡∂ú ‡∑É‡∂Ø‡∑Ñ‡∂±‡∑ä‡∂ö‡∂ª‡∂±‡∑Ä. 
 
       NXL Media 
(Your Trusted Media Partner)

Source üîª
https://t.co/VJHkKIdNWu

#srilankacricket #SriLanka #Cricket #news #COVID19SL #BreakingNews https://t.co/nIcwUr3MBj",2021-02-03 11:56:31
13,1356871252468711425,‡∂±‡∑ê‡∂ü‡∑ô‡∂±‡∑Ñ‡∑í‡∂ª ‡∂¢‡∑ê‡∂ß‡∑í‡∂∫ ‡∂ª‡∑ê‡∂ö‡∂ú‡∑ê‡∂±‡∑ì‡∂∏ 2015 ‡∑Ä‡∑í‡∂¢‡∑è‡∂≠‡∑í‡∂ö ‡∂ö‡∑î‡∂∏‡∂±‡∑ä‡∂≠‡∑ä‚Äç‡∂ª‡∂´‡∂∫‡∂ß ‡∂ë‡∂ª‡∑ô‡∑Ñ‡∑í ‡∂¢‡∂∫‡∂ú‡∑ä‚Äç‡∂ª‡∑Ñ‡∂´‡∂∫‡∂ö‡∑ä...! - ‡∂ú‡∑ô‡∑Ä‡∑í‡∂≥‡∑î https://t.co/E2ogSbMakJ #lk #SriLanka  #protest #news #SLnews https://t.co/8LL8pC7tD5,2021-02-03 07:44:50
14,1356843064694874113,"‡∂ª‡∂Ç‡∂¢‡∂±‡∑ä‡∂ú‡∑ö ‡∂∏‡∑ê‡∂∏‡∑ä‡∂∂‡∂ª‡∑ä | 2021.02.03

#lka #SriLanka #ranjanramanayake #Cartoon  #SLpolitics #‡∑É‡∑û‡∂∑‡∑è‡∂ú‡∑ä‚Äç‡∂∫‡∂∫‡∑ö‡∂Ø‡∑ê‡∂ö‡∑ä‡∂∏ #Government #PavithraWanniarachchi
@PavithraWannia1
#HealthMinister 
#Ayurvedic #hospitals #health https://t.co/UDjnHr6jR1",2021-02-03 05:52:50
15,1356832571032817664,"‡∂∂‡∂Ç‡∂ú‡∑ä‡∂Ω‡∑è‡∂Ø‡∑ö‡∑Å ‡∂∏‡∑Ñ ‡∂ö‡∑ú‡∂∏‡∑É‡∑è‡∂ª‡∑í‡∑É‡∑ä‡∂≠‡∑î‡∂∏‡∑è ‡∂Ö‡∂ú‡∑ä‚Äç‡∂ª‡∑è‡∂∏‡∑è‡∂≠‡∑ä‚Äç‡∂∫ ‡∂∏‡∑Ñ‡∑í‡∂±‡∑ä‡∂Ø ‡∂ª‡∑è‡∂¢‡∂¥‡∂ö‡∑ä‡∑Ç ‡∂∏‡∑Ñ‡∂≠‡∑è ‡∑Ñ‡∂∏‡∑î‡∑Ä‡∑ô‡∂∫‡∑í
#Srilankan #Srilanka #lka #Lanka #Ceylon #DGI #Government #Information #Department #News #infodprtsl #PrimeMinister #MahindaRajapaksha #MR https://t.co/YNpxeOtPRF",2021-02-03 05:11:08
16,1356831544913108994,"- ‡∂∏‡∑è‡∂∞‡∑ä‚Äç‡∂∫ ‡∂±‡∑í‡∑Ä‡∑ö‡∂Ø‡∂±‡∂∫ - 2021.02.02 -
- ‡∂¢‡∂±‡∂∏‡∑è‡∂∞‡∑ä‚Äç‡∂∫ ‡∂Ö‡∂∏‡∑è‡∂≠‡∑ä‚Äç‡∂∫‡∑è‡∂Ç‡∑Å‡∂∫ -
#DGI #Government #Information #Department #News https://t.co/FHUSbxDQVy",2021-02-03 05:07:03
17,1356824367607541760,"- ‡∂∏‡∑è‡∂∞‡∑ä‚Äç‡∂∫ ‡∂±‡∑í‡∑Ä‡∑ö‡∂Ø‡∂±‡∂∫ -
‡∂¢‡∑è‡∂≠‡∑í‡∂ö ‡∂±‡∑í‡∂Ø‡∑Ñ‡∑É‡∑ä ‡∂Ø‡∑í‡∂± ‡∂ã‡∑Ö‡∑ô‡∂Ω‡∂ß ‡∑É‡∑Ñ‡∂∑‡∑è‡∂ú‡∑ì ‡∑Ä‡∂± ‡∂∏‡∑è‡∂∞‡∑ä‚Äç‡∂∫‡∑Ä‡∑ö‡∂Ø‡∑ì‡∂±‡∑ä‡∂ú‡∑ö PCR ‡∂¥‡∂ª‡∑ì‡∂ö‡∑ä‡∑Ç‡∂´ ‡∑É‡∑í‡∂Ø‡∑î‡∂ö‡∑í‡∂ª‡∑ì‡∂∏ ‡∂ä‡∂∫‡∑ö (03) ‡∂Ø‡∑í‡∂± ‡∂¥‡∑ê‡∑Ä‡∑ê‡∂≠‡∑ä‡∑Ä‡∑í‡∂´‡∑í.
#DGI #Government #Information #Department #News 
#SriLankan https://t.co/lIW31IMgeG",2021-02-03 04:38:32
18,1356816819789705223,‡∂∏‡∂∏ ‡∂ã‡∂Ø‡∑ö ‡∂±‡∑ê‡∂ú‡∑í‡∂ß‡∑ä‡∂ß‡∂∏ ‡∂¢‡∂Ç‡∂ú‡∑í ‡∂ö‡∑ú‡∂ß‡∂∫‡∂ö‡∑ä ‡∂ú‡∑Ñ‡∂ú‡∑ô‡∂± ‡∂∫‡∂±‡∑ä‡∂±‡∑ö ‡∂∂‡∂Ω‡∑ä‡∂Ω‡∑ô‡∂ö‡∑ä ‡∂±‡∑è‡∑Ä‡∂±‡∑ä‡∂±‡∂á‡∂∏‡∂≠‡∑í ‡∑Ä‡∑í‡∂∏‡∂Ω‡∑Ä‡∑ì‡∂ª ‡∂ö‡∑í‡∑Ä‡∑ä‡∑Ä ‡∂ö‡∂≠‡∑è‡∑Ä https://t.co/jTgma4cYZR #srilanka #lka #news #news #breaking #today #president,2021-02-03 04:08:32
19,1356809831466881024,"‡∑Å‡∑ä‚Äç‡∂ª‡∑ì ‡∂Ω‡∂Ç‡∂ö‡∑è‡∑Ä‡∑ö ‡∂ö‡∑ú‡∑Ä‡∑í‡∂©‡∑ä-19 ‡∂Ü‡∑É‡∑è‡∂Ø‡∑í‡∂≠‡∂∫‡∑í‡∂±‡∑ä ‡∑Ä‡∑è‡∂ª‡∑ä‡∂≠‡∑è‡∑Ä‡∑ì‡∂∏ | ‡∂Ø‡∑í‡∑É‡∑ä‡∂≠‡∑ä‚Äç‡∂ª‡∑í‡∂ö‡∑ä‡∂ö ‡∑Ä‡∑ä‡∂∫‡∑è‡∂¥‡∑ä‡∂≠‡∑í‡∂∫ | 2021-02-02
#Srilankan #Srilanka #lka #Lanka #Ceylon #DGI #Government #Information #Department #News #infodprtsl #Coronavirus #Covid #Corona #Staysafe #Socialdistancing #Virus #Coronav #Pandemic https://t.co/pL5B0SNwTn",2021-02-03 03:40:46
20,1356809749854121985,"‡∑Å‡∑ä‚Äç‡∂ª‡∑ì ‡∂Ω‡∂Ç‡∂ö‡∑è‡∑Ä‡∑ö ‡∂ö‡∑ú‡∑Ä‡∑í‡∂©‡∑ä-19 ‡∂Ü‡∑É‡∑è‡∂Ø‡∑í‡∂≠‡∂∫‡∑í‡∂±‡∑ä ‡∑Ä‡∑è‡∂ª‡∑ä‡∂≠‡∑è‡∑Ä‡∑ì‡∂∏ | ‡∂ö‡∑ú‡∑Ö‡∂π ‡∂Ø‡∑í‡∑É‡∑ä‡∂≠‡∑ä‚Äç‡∂ª‡∑í‡∂ö‡∑ä‡∂ö ‡∑Ä‡∑ä‡∂∫‡∑è‡∂¥‡∑ä‡∂≠‡∑í‡∂∫ | 2021-02-02
#Srilankan #Srilanka #lka #Lanka #Ceylon #DGI #Government #Information #Department #News #infodprtsl #Coronavirus #Covid #Corona #Staysafe #Socialdistancing #Virus #Coronav #Pandemic https://t.co/CjMFu6XvYG",2021-02-03 03:40:27
21,1356560111431516161,‡∂Ø‡∑î‡∂∏‡∑í‡∂±‡∑ä‡∂Ø ‡∑É‡∑í‡∂Ω‡∑ä‡∑Ä‡∑è ‡∂±‡∑í‡∂Ø‡∑Ñ‡∑É‡∑ä ‡∑Ä‡∑ô‡∂±‡∑Ä‡∑è‡∂Ø ‡∂±‡∑ê‡∂Ø‡∑ä‡∂Ø ‡∂Ü‡∂´‡∑ä‡∂©‡∑î‡∑Ä‡∑ö ‡∂∏‡∂±‡∑ä‡∂≠‡∑ä‚Äç‡∂ª‡∑ì‡∑Ä‡∂ª‡∑î ‡∂Ø‡∑î‡∂±‡∑ä‡∂± ‡∂¥‡∑í‡∑Ö‡∑í‡∂≠‡∑î‡∂ª https://t.co/356bJQGsPW #srilanka #lka #news #news #breaking #today #president,2021-02-02 11:08:28
22,1356488670992363521,"2021 - 02 -01 ‡∑É‡∑ä‡∑Ä‡∑è‡∂∞‡∑ì‡∂±  ‡∂ª‡∑ñ‡∂¥‡∑Ä‡∑è‡∑Ñ‡∑í‡∂±‡∑ì ‡∂¥‡∑ä‚Äç‡∂ª‡∑Ä‡∑ò‡∂≠‡∑ä‡∂≠‡∑í 

#SLPP #podujanaperamuna #youth  #BuddhikaWickramadara #buddhikawickramadaraofficial #political #itnsrilanka https://t.co/dILfCgO5UW",2021-02-02 06:24:36
23,1356472135032700929,"‡∑Å‡∑ä‚Äç‡∂ª‡∑ì ‡∂Ω‡∂Ç‡∂ö‡∑è‡∑Ä‡∑ö ‡∂ö‡∑ú‡∑Ä‡∑í‡∂©‡∑ä-19 ‡∂Ü‡∑É‡∑è‡∂Ø‡∑í‡∂≠‡∂∫‡∑í‡∂±‡∑ä ‡∑Ä‡∑è‡∂ª‡∑ä‡∂≠‡∑è‡∑Ä‡∑ì‡∂∏ | ‡∂ö‡∑ú‡∑Ö‡∂π ‡∂Ø‡∑í‡∑É‡∑ä‡∂≠‡∑ä‚Äç‡∂ª‡∑í‡∂ö‡∑ä‡∂ö ‡∑Ä‡∑ä‡∂∫‡∑è‡∂¥‡∑ä‡∂≠‡∑í‡∂∫ | 2021-02-02
#Srilankan #Srilanka #lka #Lanka #Ceylon #DGI #Government #Information #Department #News #infodprtsl #Coronavirus #Covid #Corona #Staysafe #Socialdistancing #Virus #Coronav #Pandemic https://t.co/542v120N7u",2021-02-02 05:18:53
24,1356472030837809152,"‡∑Å‡∑ä‚Äç‡∂ª‡∑ì ‡∂Ω‡∂Ç‡∂ö‡∑è‡∑Ä‡∑ö ‡∂ö‡∑ú‡∑Ä‡∑í‡∂©‡∑ä-19 ‡∂Ü‡∑É‡∑è‡∂Ø‡∑í‡∂≠‡∂∫‡∑í‡∂±‡∑ä ‡∑Ä‡∑è‡∂ª‡∑ä‡∂≠‡∑è‡∑Ä‡∑ì‡∂∏ | ‡∂Ø‡∑í‡∑É‡∑ä‡∂≠‡∑ä‚Äç‡∂ª‡∑í‡∂ö‡∑ä‡∂ö ‡∑Ä‡∑ä‡∂∫‡∑è‡∂¥‡∑ä‡∂≠‡∑í‡∂∫ | 2021-02-02
#Srilankan #Srilanka #lka #Lanka #Ceylon #DGI #Government #Information #Department #News #infodprtsl #Coronavirus #Covid #Corona #Staysafe #Socialdistancing #Virus #Coronav #Pandemic https://t.co/460TMlYt8a",2021-02-02 05:18:28
25,1356436673085788163,"‡∂Ω‡∑ù‡∂ö ‡∂Ö‡∂≠‡∑ô‡∂≠‡∑ä ‡∂∂‡∑í‡∂∏‡∑ä ‡∂Ø‡∑í‡∂±‡∂∫ ‡∂Ö‡∂Ø‡∂ß ‡∂∫‡∑ô‡∂Ø‡∑ì ‡∂≠‡∑í‡∂∂‡∑ö
‡∂∏‡∑ô‡∑Ä‡∂ª ‡∂≠‡∑ö‡∂∏‡∑è‡∑Ä ""‡∂≠‡∑ô‡∂≠‡∑ä ‡∂∂‡∑í‡∂∏‡∑ä ‡∑Ñ‡∑è ‡∂¢‡∂Ω‡∂∫""
---------------------------------------------------------------------
#Srilankan #Srilanka #lka #Lanka #Ceylon #DGI #Government #Information #Department #News #infodprtsl #GlobalWetLandDay  #February2 https://t.co/9Rn9X706s1",2021-02-02 02:57:58
26,1356182661564411907,‡∂Ü‡∂´‡∑ä‡∂©‡∑î‡∑Ä ‡∂Ö‡∂≠ ‡∂ú‡∑Ñ‡∂¥‡∑î ‡∑Ñ‡∑ê‡∂∏‡∂Ø‡∑ö‡∂∏ ‡∂Ö‡∑Ä‡∑î‡∂Ω‡∑ä ‡∂ö‡∂ª‡∂±‡∑ä ‡∂≠‡∑í‡∂∫‡∑ô‡∂±‡∑ä‡∂±‡∑ö https://t.co/wp8hBynRi1 #srilanka #lka #news #news #breaking #today #president,2021-02-01 10:08:37
27,1356161771460046850,"‡∑Å‡∑ä‚Äç‡∂ª‡∑ì ‡∂Ω‡∂Ç‡∂ö‡∑è‡∑Ä‡∑ö ‡∂ö‡∑ú‡∑Ä‡∑í‡∂©‡∑ä-19 ‡∂Ü‡∑É‡∑è‡∂Ø‡∑í‡∂≠‡∂∫‡∑í‡∂±‡∑ä ‡∑Ä‡∑è‡∂ª‡∑ä‡∂≠‡∑è‡∑Ä‡∑ì‡∂∏ | ‡∂Ø‡∑í‡∑É‡∑ä‡∂≠‡∑ä‚Äç‡∂ª‡∑í‡∂ö‡∑ä‡∂ö ‡∑Ä‡∑ä‡∂∫‡∑è‡∂¥‡∑ä‡∂≠‡∑í‡∂∫ | 2021-02-01
#Srilankan #Srilanka #lka #Lanka #Ceylon #DGI #Government #Information #Department #News #infodprtsl #Coronavirus #Covid #Corona #Staysafe #Socialdistancing #Virus #Coronav #Pandemic https://t.co/7kCxVrsM08",2021-02-01 08:45:37
28,1356161734512431106,"‡∑Å‡∑ä‚Äç‡∂ª‡∑ì ‡∂Ω‡∂Ç‡∂ö‡∑è‡∑Ä‡∑ö ‡∂ö‡∑ú‡∑Ä‡∑í‡∂©‡∑ä-19 ‡∂Ü‡∑É‡∑è‡∂Ø‡∑í‡∂≠‡∂∫‡∑í‡∂±‡∑ä ‡∑Ä‡∑è‡∂ª‡∑ä‡∂≠‡∑è‡∑Ä‡∑ì‡∂∏ | ‡∂Ø‡∑í‡∑É‡∑ä‡∂≠‡∑ä‚Äç‡∂ª‡∑í‡∂ö‡∑ä‡∂ö ‡∑Ä‡∑ä‡∂∫‡∑è‡∂¥‡∑ä‡∂≠‡∑í‡∂∫ | 2021-02-01
#Srilankan #Srilanka #lka #Lanka #Ceylon #DGI #Government #Information #Department #News #infodprtsl #Coronavirus #Covid #Corona #Staysafe #Socialdistancing #Virus #Coronav #Pandemic https://t.co/IQw7LunYUz",2021-02-01 08:45:28
29,1356160189850939392,"‡∂ö‡∑ú‡∑Ö‡∂π ‡∑Ä‡∂ª‡∑è‡∂∫‡∑ö ‡∂±‡∑ê‡∂ú‡∑ô‡∂±‡∑Ñ‡∑í‡∂ª ‡∂¢‡∑ê‡∂ß‡∑í‡∂∫ ‡∂Ö‡∂±‡∑ä‡∑É‡∂≠‡∑î ‡∂ö‡∂ª‡∂±‡∑ä‡∂±‡∑ö ‡∂±‡∑ë-‡∂Ö‡∂ú‡∑ä‚Äç‡∂ª‡∑è‡∂∏‡∑è‡∂≠‡∑ä‚Äç‡∂∫ ‡∂∏‡∑Ñ‡∑í‡∂±‡∑ä‡∂Ø ‡∂ª‡∑è‡∂¢‡∂¥‡∂ö‡∑ä‡∑Ç ‡∂∏‡∑Ñ‡∂≠‡∑è
#Srilankan #Srilanka #lka #Lanka #Ceylon #DGI #Government #Information #Department #News #infodprtsl #PrimeMinister #MahindaRajapaksha #MR https://t.co/eTnkcAvq0B",2021-02-01 08:39:20
30,1356152352974237696,‡∂±‡∑ê‡∂ú‡∑ô‡∂±‡∑Ñ‡∑í‡∂ª ‡∂¥‡∂ª‡∑ä‡∂∫‡∂±‡∑ä‡∂≠‡∂∫ ‡∂â‡∂±‡∑ä‡∂Ø‡∑í‡∂∫‡∑è‡∑Ä‡∂ß ‡∂Ø‡∑ì‡∂∏‡∂ß ‡∑Ä‡∑í‡∂ª‡∑ù‡∂∞‡∂∫ ‡∂¥‡∑è‡∂∏‡∑í‡∂±‡∑ä ‡∂∏‡∑Ñ‡∑è ‡∑É‡∂Ç‡∂ù‡∂ª‡∂≠‡∑ä‡∂±‡∂∫ ‡∂Ø‡∑Ñ‡∑Ä‡∂Ω‡∑ä ‡∂Ø‡∑è‡∂±‡∂∫ ‡∂¥‡∑ä‚Äç‡∂ª‡∂≠‡∑í‡∂ö‡∑ä‡∑Å‡∑ö‡∂¥ ‡∂ö‡∂ª‡∂∏‡∑í‡∂±‡∑ä ‡∑Ä‡∑í‡∂ª‡∑ù‡∂∞‡∂≠‡∑è‡∑Ä‡∂∫‡∂ö https://t.co/XqWzAf5SYi #srilanka #lka #news #news #breaking #today #president,2021-02-01 08:08:11
31,1356127047748251648,"‡∂¥‡∑ú‡∂Ω‡∑í‡∑É‡∑ä ‡∂±‡∑í‡∂Ω‡∂∞‡∑è‡∂ª‡∑ì‡∂±‡∑ä‡∂ß ‡∂ö‡∑ú‡∑Ä‡∑í‡∑Å‡∑ì‡∂Ω‡∑ä‡∂©‡∑ä (‡∂î‡∂ö‡∑ä‡∑É‡∑ä‡∑Ü‡∂ª‡∑ä‡∂©‡∑ä ‡∂á‡∑É‡∑ä‡∂ß‡∑ä‚Äç‡∂ª‡∑è‡∑É‡∑ô‡∂±‡∑ô‡∂ö‡∑è) ‡∂ë‡∂±‡∑ä‡∂±‡∂≠, ‡∂ë‡∂±‡∑ä‡∂±‡∂≠‡∑ä ‡∂ö‡∑í‡∂ª‡∑ì‡∂∏, ‡∂±‡∑è‡∂ª‡∑è‡∑Ñ‡∑ö‡∂±‡∑ä‡∂¥‡∑í‡∂ß ‡∂¥‡∑í‡∑Ñ‡∑í‡∂ß‡∑í ‡∂¥‡∑ú‡∂Ω‡∑í‡∑É‡∑ä ‡∂ª‡∑ù‡∑Ñ‡∂Ω‡∑ö‡∂Ø‡∑ì ‡∂ä‡∂∫‡∑ö (31) ‡∂á‡∂ª‡∂π‡∑í‡∂±‡∑í.

#COVID19 #Health #Police @SriSlpmd @SMODSriLanka
@MoH_SriLanka #Vaccination #SriLanka #lka #ReAdSarath @PMDNewsGov https://t.co/rPlsnzlAgc",2021-02-01 06:27:38
32,1356095656734064640,"‡∂∏‡∑í‡∂∫‡∂±‡∑ä‡∂∏‡∑è‡∂ª‡∑ä ‡∂¥‡∑è‡∂Ω‡∂±‡∂∫ ‡∑Ñ‡∂∏‡∑î‡∂Ø‡∑è ‡∂¥‡∑è‡∂Ω‡∂±‡∂∫ ‡∂∫‡∂ß‡∂≠‡∂ß.
‡∂Ö‡∑Ä‡∑î‡∂±‡∑ä ‡∑É‡∑è‡∂±‡∑ä ‡∑É‡∑î‡∂ö‡∑ì ‡∑Ñ‡∂∏‡∑î‡∂Ø‡∑è ‡∂Ö‡∂≠‡∑ä‡∂Ö‡∂©‡∂Ç‡∂ú‡∑î‡∑Ä‡∂ß 
#news",2021-02-01 04:22:54
33,1356060489051156481,"‡∂ª‡∂Ç‡∂¢‡∂±‡∑ä‡∂ú‡∑ö ‡∂∏‡∑ê‡∂∏‡∑ä‡∂∂‡∂ª‡∑ä | 2021.02.01

#lka #SriLanka #DhammikaPaniya #Cartoon #Covid19 #Covid19Lk #Covid_19 #RanjangeMamber #sisirajayakody @sisirajayakody1 #PavithraWanniarachchi
@PavithraWannia1
#HealthMinister 
#Ayurvedic #hospitals #health https://t.co/6X1Ct5U2AZ",2021-02-01 02:03:09
34,1355909330885890050,"‚ô¶Ô∏è----------------‚ô¶Ô∏è2021-01-31‚ô¶Ô∏è-------------‚ô¶Ô∏è
‡∂Ö‡∂Ø ‡∂Ø‡∑í‡∂± ‡∂ö‡∑ú‡∂ª‡∑ù‡∂±‡∑è ‡∂∏‡∂ª‡∂´ 3‡∂ö‡∑ä ‡∑Ä‡∑è‡∂ª‡∑ä‡∂≠‡∑è ‡∑Ä‡∑ñ ‡∂∂‡∑Ä ‡∂≠‡∑Ñ‡∑Ä‡∑î‡∂ª‡∑î ‡∂ö‡∂ª‡∂∫‡∑í
#Srilankan #Srilanka #lka #Lanka #Ceylon #DGI #Government #Information #Department #News #infodprtsl #Coronavirus #Covid #Corona #Staysafe #Socialdistancing #Virus #Coronav #Pandemic https://t.co/oExpZwgNNw",2021-01-31 16:02:30
35,1355899154770370566,"‚ô¶Ô∏è‚ô¶Ô∏è2021-01-31‚ô¶Ô∏è‚ô¶Ô∏è
‡∂Ö‡∂Ø ‡∂Ø‡∑í‡∂± ‡∂∏‡∑ö ‡∑Ä‡∂± ‡∑Ä‡∑í‡∂ß ‡∂≠‡∑Ä‡∂≠‡∑ä ‡∂ö‡∑ú‡∑Ä‡∑í‡∂©‡∑ä-19 ‡∂Ü‡∑É‡∑è‡∂Ø‡∑í‡∂≠ ‡∂ª‡∑ù‡∂ú‡∑ì‡∂±‡∑ä 486‡∂ö‡∑ä ‡∑Ä‡∑è‡∂ª‡∑ä‡∂≠‡∑è ‡∑Ä‡∑ö
#Srilankan #Srilanka #lka #Lanka #Ceylon #DGI #Government #Information #Department #News #infodprtsl #Coronavirus #Covid #Corona #Staysafe #Socialdistancing #Virus #Coronav #Pandemic https://t.co/tPEAAEWXDV",2021-01-31 15:22:04
36,1355870596840751109,"‚ô¶Ô∏è----------------‚ô¶Ô∏è2021-01-31‚ô¶Ô∏è--------------‚ô¶Ô∏è
‡∂Ö‡∂Ø ‡∂Ø‡∑í‡∂± ‡∂∏‡∑ö ‡∑Ä‡∂± ‡∑Ä‡∑í‡∂ß ‡∂ö‡∑ú‡∑Ä‡∑í‡∂©‡∑ä-19 ‡∂Ü‡∑É‡∑è‡∂Ø‡∑í‡∂≠ ‡∂ª‡∑ù‡∂ú‡∑ì‡∂±‡∑ä 351‡∂ö‡∑ä ‡∑Ä‡∑è‡∂ª‡∑ä‡∂≠‡∑è ‡∑Ä‡∑ö
#Srilankan #Srilanka #lka #Lanka #Ceylon #DGI #Government #Information #Department #News #infodprtsl #Coronavirus #Covid #Corona #Staysafe #Socialdistancing #Virus #Coronav https://t.co/caMdadsEu4",2021-01-31 13:28:35
37,1355859412225843201,‡∑Ä‡∑è‡∂ª‡∑ä‡∂≠‡∑è‡∑Ä @adaderana #NEWS @FMDeranaRadio ‡∑Ä‡∑ô‡∂≠‡∑í‡∂±‡∑ä,2021-01-31 12:44:09
38,1355855854793187328,‡∑É‡∑í‡∂∫ ‡∑É‡∂∏‡∑è‡∂ú‡∂∏‡∂ß ‡∂ë‡∂ª‡∑ô‡∑Ñ‡∑í‡∑Ä ‡∂ú‡∑ô‡∂± ‡∂Ü ‡∑Ä‡∑è‡∂ª‡∂´ ‡∂±‡∑í‡∂∫‡∑ù‡∂ú‡∂∫ ‡∑É‡∂∏‡∑ä‡∂∂‡∂±‡∑ä‡∂∞‡∂∫‡∑ô‡∂±‡∑ä ‡∂ë‡∂ö‡∑ä‡∑É‡∂≠‡∑ä ‡∂¢‡∂±‡∂¥‡∂Ø ‡∂ª‡∂¢‡∂∫‡∂ß ‡∂ë‡∂ª‡∑ô‡∑Ñ‡∑í‡∑Ä ‡∂±‡∂©‡∑î ‡∂¥‡∑ê‡∑Ä‡∂ª‡∑ì‡∂∏‡∂ß Xiaomi ‡∑É‡∂∏‡∑è‡∂ú‡∂∏ ‡∂ö‡∂ß‡∂∫‡∑î‡∂≠‡∑î ‡∂ö‡∂ª‡∂∫‡∑í #TechNewsLK #SriLanka #News https://t.co/BoeYeUWI9o,2021-01-31 12:30:01
39,1355851730999771138,"‡∑Ñ‡∑î‡∂Ø‡∂ö‡∂Ω‡∑è ‡∂∂‡∑Ä ‡∂â‡∑Ä‡∂≠‡∑ä ‡∂ö‡∑í‡∂ª‡∑ì‡∂∏ ‡∑É‡∂∏‡∑ä‡∂∂‡∂±‡∑ä‡∂∞ ‡∂±‡∑í‡∑Ä‡∑ö‡∂Ø‡∂±‡∂∫
-------------------------------------------------
#Srilankan #Srilanka #lka #Lanka #Ceylon #DGI #Government #Information #Department #News #infodprtsl #Coronavirus #Covid #Corona #Staysafe #Socialdistancing #Virus #Coronav #Pandemic https://t.co/PXbqu8jZph",2021-01-31 12:13:37
40,1355842948408221699,"‡∂ö‡∑ú‡∑Ö‡∂π ‡∑Ä‡∂ª‡∑è‡∂∫‡∑ö ‡∂±‡∑ê‡∂ú‡∑ô‡∂±‡∑Ñ‡∑í‡∂ª ‡∂¥‡∂ª‡∑ä‡∂∫‡∂±‡∑ä‡∂≠‡∂∫ ‡∑Ä‡∑í‡∂ö‡∑î‡∂´‡∂±‡∑ä‡∂±‡∑ö ‡∑Ñ‡∑ù ‡∂∂‡∂Ø‡∑î ‡∂Ø‡∑ô‡∂±‡∑ä‡∂±‡∑ö ‡∂±‡∑ë-‡∂Ö‡∂ú‡∑ä‚Äç‡∂ª‡∑è‡∂∏‡∑è‡∂≠‡∑ä‚Äç‡∂∫ ‡∂∏‡∑Ñ‡∑í‡∂±‡∑ä‡∂Ø ‡∂ª‡∑è‡∂¢‡∂¥‡∂ö‡∑ä‡∑Ç ‡∂∏‡∑Ñ‡∂≠‡∑è

#Srilankan #Srilanka #lka #Lanka #Ceylon #DGI #Government #Information #Department #News #infodprtsl #PrimeMinister #MahindaRajapaksha #MR https://t.co/4mWqKs5FJW",2021-01-31 11:38:43
41,1355816947879960577,"‡∑Ä‡∑í‡∑Å‡∑ö‡∑Ç ‡∂∏‡∑è‡∂∞‡∑ä‚Äç‡∂∫ ‡∑É‡∑è‡∂ö‡∂†‡∑ä‡∂°‡∑è ‡∑Ñ‡∑ô‡∂ß(01) ‡∂Ø‡∑í‡∂± Zoom ‡∂≠‡∑è‡∂ö‡∑ä‡∑Ç‡∂´‡∂∫ ‡∂î‡∑É‡∑ä‡∑É‡∑ö Department of Government Information-Sri Lanka ‡∑Ü‡∑ö‡∑É‡∑ä‡∂∂‡∑î‡∂ö‡∑ä ‡∂¥‡∑í‡∂ß‡∑î‡∑Ä ‡∂î‡∑É‡∑ä‡∑É‡∑ö ‡∂¥‡∑ô.‡∑Ä 09.30 ‡∑Ñ‡∑è 10.00 ‡∂ß ‡∑É‡∂¢‡∑ì‡∑Ä‡∑í‡∑Ä ‡∂∂‡∂Ω‡∑è‡∂¥‡∑ú‡∂ª‡∑ú‡∂≠‡∑ä‡∂≠‡∑î ‡∑Ä‡∂±‡∑ä‡∂±
#Srilankan #Srilanka #lka #Lanka #Ceylon #DGI #Government #Information #Department #News #infodprtsl #Press https://t.co/54tUxeA8se",2021-01-31 09:55:24
42,1355792891717808131,"‡∑Å‡∑ä‚Äç‡∂ª‡∑ì ‡∂Ω‡∂Ç‡∂ö‡∑è‡∑Ä‡∑ö ‡∂ö‡∑ú‡∑Ä‡∑í‡∂©‡∑ä-19 ‡∂Ü‡∑É‡∑è‡∂Ø‡∑í‡∂≠‡∂∫‡∑í‡∂±‡∑ä ‡∑Ä‡∑è‡∂ª‡∑ä‡∂≠‡∑è‡∑Ä‡∑ì‡∂∏ | ‡∂ö‡∑ú‡∑Ö‡∂π ‡∂Ø‡∑í‡∑É‡∑ä‡∂≠‡∑ä‚Äç‡∂ª‡∑í‡∂ö‡∑ä‡∂ö ‡∑Ä‡∑ä‚Äç‡∂∫‡∑è‡∂¥‡∑ä‡∂≠‡∑í‡∂∫ | 2021 ‡∂¢‡∂±‡∑Ä‡∑è‡∂ª‡∑í 30
#Srilankan #Srilanka #lka #Lanka #Ceylon #DGI #Government #Information #Department #News #infodprtsl #Coronavirus #Covid #Corona #Staysafe #Socialdistancing #Virus #Coronav #Pandemic https://t.co/7dENmqynbS",2021-01-31 08:19:49
43,1355792768426258441,"‡∑Å‡∑ä‚Äç‡∂ª‡∑ì ‡∂Ω‡∂Ç‡∂ö‡∑è‡∑Ä‡∑ö ‡∂ö‡∑ú‡∑Ä‡∑í‡∂©‡∑ä-19 ‡∂Ü‡∑É‡∑è‡∂Ø‡∑í‡∂≠‡∂∫‡∑í‡∂±‡∑ä ‡∑Ä‡∑è‡∂ª‡∑ä‡∂≠‡∑è‡∑Ä‡∑ì‡∂∏ | ‡∂Ø‡∑í‡∑É‡∑ä‡∂≠‡∑ä‚Äç‡∂ª‡∑í‡∂ö‡∑ä‡∂ö ‡∑Ä‡∑ä‚Äç‡∂∫‡∑è‡∂¥‡∑ä‡∂≠‡∑í‡∂∫ | 2021 ‡∂¢‡∂±‡∑Ä‡∑è‡∂ª‡∑í 30
#Srilankan #Srilanka #lka #Lanka #Ceylon #DGI #Government #Information #Department #News #infodprtsl #Coronavirus #Covid #Corona #Staysafe #Socialdistancing #Virus #Coronav #Pandemic https://t.co/OiKCR9e7Sb",2021-01-31 08:19:20
44,1355789297933299713,"‡∂ú‡∑î‡∑Ä‡∂±‡∑ä ‡∑Ñ‡∂∏‡∑î‡∂Ø‡∑è 70‡∑Ä‡∂± ‡∑É‡∂Ç‡∑Ä‡∂≠‡∑ä‡∑É‡∂ª‡∂∫‡∂ß ‡∑É‡∂∏‡∂ú‡∑è‡∂∏‡∑ì‡∑Ä ‡∂ö‡∑ê‡∂∂‡∑í‡∂≠‡∑í‡∂ú‡∑ú‡∂Ω‡∑ä‡∂Ω‡∑ë‡∑Ä ‡∂ö‡∂´‡∑î‡∂ú‡∑Ñ‡∑Ä‡∑ê‡∑Ä ‡∂ú‡∂∏‡∑ä‡∂∏‡∑è‡∂±‡∂∫ ‡∂¥‡∑ä‚Äç‡∂ª‡∂≠‡∑í‡∑É‡∂Ç‡∑É‡∑ä‡∂ö‡∂ª‡∂´‡∂∫ ‡∂ö‡∑í‡∂ª‡∑ì‡∂∏‡∑ö ‡∑Ä‡∑ê‡∂©‡∑É‡∂ß‡∑Ñ‡∂±‡∑ö ‡∑É‡∂∏‡∑è‡∂ª‡∂∏‡∑ä‡∂∑‡∂ö ‡∂ã‡∂≠‡∑ä‡∑É‡∑Ä‡∂∫
#Srilankan #Srilanka #lka #Lanka #Ceylon #DGI #Government #Information #Department #News #infodprtsl #SLAirForce #70Anniversary https://t.co/155FTajHAI",2021-01-31 08:05:32
45,1355572176137695239,"‚ô¶Ô∏è----------------‚ô¶Ô∏è2021-01-30‚ô¶Ô∏è-------------‚ô¶Ô∏è
‡∂Ö‡∂Ø ‡∂Ø‡∑í‡∂± ‡∂ö‡∑ú‡∂ª‡∑ù‡∂±‡∑è ‡∂∏‡∂ª‡∂´ 8‡∂ö‡∑ä ‡∑Ä‡∑è‡∂ª‡∑ä‡∂≠‡∑è ‡∑Ä‡∑ñ ‡∂∂‡∑Ä ‡∂≠‡∑Ñ‡∑Ä‡∑î‡∂ª‡∑î ‡∂ö‡∂ª‡∂∫‡∑í
#Srilankan #Srilanka #lka #Lanka #Ceylon #DGI #Government #Information #Department #News #infodprtsl #Coronavirus #Covid #Corona #Staysafe #Socialdistancing #Virus #Coronav #Pandemic https://t.co/zypccY6HKR",2021-01-30 17:42:46
46,1355539202608345089,"‚ô¶Ô∏è2021-01-30‚ô¶Ô∏è
‡∂Ö‡∂Ø ‡∂Ø‡∑í‡∂± ‡∂∏‡∑ö ‡∑Ä‡∂± ‡∑Ä‡∑í‡∂ß ‡∂≠‡∑Ä‡∂≠‡∑ä ‡∂ö‡∑ú‡∑Ä‡∑í‡∂©‡∑ä-19 ‡∂Ü‡∑É‡∑è‡∂Ø‡∑í‡∂≠ ‡∂ª‡∑ù‡∂ú‡∑ì‡∂±‡∑ä 442‡∂ö‡∑ä ‡∑Ä‡∑è‡∂ª‡∑ä‡∂≠‡∑è ‡∑Ä‡∑ö
#Srilankan #Srilanka #lka #Lanka #Ceylon #DGI #Government #Information #Department #News #infodprtsl #Coronavirus #Covid #Corona #Staysafe #Socialdistancing #Virus #Coronav #Pandemic https://t.co/XEjsc6pEdg",2021-01-30 15:31:45
47,1355534957486219266,"2021-01-30 ‡∂Ø‡∑í‡∂± ‡∂¥‡∑ä‡∑É‡∑ä‡∑Ä‡∂ª‡∑î 7-45 ‡∑Ä‡∂± ‡∑Ä‡∑í‡∂ß ‡∂ö‡∑ú‡∑Ä‡∑í‡∂©‡∑ä-19 ‡∂¥‡∑ä‚Äç‡∂ª‡∂≠‡∑í‡∑Å‡∂ö‡∑ä‡∂≠‡∑ì‡∂ö‡∂ª‡∂´ ‡∑Ä‡∑ê‡∂©‡∑É‡∂ß‡∑Ñ‡∂±‡∑ö ‡∂¥‡∑ä‚Äç‡∂ª‡∂ú‡∂≠‡∑í‡∂∫

#Srilankan #Srilanka #lka #Lanka #Ceylon #DGI #Government #Information #Department #News #infodprtsl #Coronavirus #Covid #Corona #Staysafe #Socialdistancing #Virus #Coronav #Pandemic https://t.co/xjZdMD9Bs6",2021-01-30 15:14:53
48,1355505322551615503,"----------‚ô¶Ô∏è2021-01-30‚ô¶Ô∏è--------
‡∂Ö‡∂Ø ‡∂Ø‡∑í‡∂± ‡∂∏‡∑ö ‡∑Ä‡∂± ‡∑Ä‡∑í‡∂ß ‡∂ö‡∑ú‡∑Ä‡∑í‡∂©‡∑ä-19 ‡∂Ü‡∑É‡∑è‡∂Ø‡∑í‡∂≠ ‡∂ª‡∑ù‡∂ú‡∑ì‡∂±‡∑ä 406‡∂ö‡∑ä ‡∑Ä‡∑è‡∂ª‡∑ä‡∂≠‡∑è ‡∑Ä‡∑ö
#Srilankan #Srilanka #lka #Lanka #Ceylon #DGI #Government #Information #Department #News #infodprtsl #Coronavirus #Covid #Corona #Staysafe #Socialdistancing #Virus #Coronav #Pandemic https://t.co/VTe9nmfG6g",2021-01-30 13:17:07
49,1355424500293238786,"73 ‡∑Ä‡∂± ‡∂±‡∑í‡∂Ø‡∑Ñ‡∑É‡∑ä ‡∂Ø‡∑í‡∂± ‡∑É‡∂∏‡∂ª‡∑î ‡∂ã‡∑Ö‡∑ô‡∂Ω ‡∂±‡∑í‡∂∏‡∑í‡∂≠‡∑ä‡∂≠‡∑ô‡∂±‡∑ä ‡∂¥‡∑ô‡∂∂‡∂ª‡∑Ä‡∑è‡∂ª‡∑í 01-07 ‡∂Ø‡∂ö‡∑ä‡∑Ä‡∑è ‡∑É‡∑í‡∂∫‡∂Ω‡∑î ‡∂±‡∑í‡∑Ä‡∑ô‡∑É‡∑ä, ‡∑Ä‡∑ô‡∑Ö‡∂≥ ‡∑Ä‡∑ä‚Äç‡∂∫‡∑è‡∂¥‡∑è‡∂ª, ‡∂ª‡∂¢‡∂∫‡∑ö ‡∑Ñ‡∑è ‡∂¥‡∑û‡∂Ø‡∑ä‡∂ú‡∂Ω‡∑í‡∂ö ‡∂ö‡∑è‡∂ª‡∑ä‡∂∫‡∑è‡∂Ω ‡∑Ñ‡∑è ‡∑Ä‡∑è‡∑Ñ‡∂± ‡∑Ä‡∂Ω ‡∂¢‡∑è‡∂≠‡∑í‡∂ö ‡∂ö‡∑ú‡∂©‡∑í‡∂∫ ‡∂¥‡∑ä‚Äç‡∂ª‡∂Ø‡∂ª‡∑ä‡∑Å‡∂±‡∂∫ ‡∂ö‡∂ª‡∂±‡∑ä‡∂±
#Srilankan #Srilanka #lka #Lanka #Ceylon #DGI #Government #Information #Department #News #infodprtsl #IndependenceDay https://t.co/cN2mRCiTzW",2021-01-30 07:55:58
50,1355384434606960645,"‡∂ö‡∑ú‡∑Ä‡∑í‡∂©‡∑ä-19 ‡∂Ü‡∑É‡∑è‡∂Ø‡∑í‡∂≠‡∂∫‡∑í‡∂±‡∑ä ‡∑Ä‡∑è‡∂ª‡∑ä‡∂≠‡∑è‡∑Ä‡∑ì‡∂∏ | ‡∂ö‡∑ú‡∑Ö‡∂π ‡∂Ø‡∑í‡∑É‡∑ä‡∂≠‡∑ä‚Äç‡∂ª‡∑í‡∂ö‡∑ä‡∂ö ‡∑Ä‡∑ä‚Äç‡∂∫‡∑è‡∂¥‡∑ä‡∂≠‡∑í‡∂∫ | 2021 ‡∂¢‡∂±‡∑Ä‡∑è‡∂ª‡∑í 29
#Srilankan #Srilanka #lka #Lanka #Ceylon #DGI #Government #Information #Department #News #infodprtsl #Coronavirus #Covid #Corona #Staysafe #Socialdistancing #Virus #Coronav #Pandemic https://t.co/jXMy7DgMFK",2021-01-30 05:16:45
51,1355384343905136646,"‡∑Å‡∑ä‚Äç‡∂ª‡∑ì ‡∂Ω‡∂Ç‡∂ö‡∑è‡∑Ä‡∑ö ‡∂ö‡∑ú‡∑Ä‡∑í‡∂©‡∑ä-19 ‡∂Ü‡∑É‡∑è‡∂Ø‡∑í‡∂≠‡∂∫‡∑í‡∂±‡∑ä ‡∑Ä‡∑è‡∂ª‡∑ä‡∂≠‡∑è‡∑Ä‡∑ì‡∂∏ | ‡∂Ø‡∑í‡∑É‡∑ä‡∂≠‡∑ä‚Äç‡∂ª‡∑í‡∂ö‡∑ä‡∂ö ‡∑Ä‡∑ä‚Äç‡∂∫‡∑è‡∂¥‡∑ä‡∂≠‡∑í‡∂∫ | 2021 ‡∂¢‡∂±‡∑Ä‡∑è‡∂ª‡∑í 29
#Srilankan #Srilanka #lka #Lanka #Ceylon #DGI #Government #Information #Department #News #infodprtsl #Coronavirus #Covid #Corona #Staysafe #Socialdistancing #Virus #Coronav #Pandemic https://t.co/KWzvLn4vR6",2021-01-30 05:16:24
52,1355208431553171457,"‚ô¶Ô∏è----------------‚ô¶Ô∏è2021-01-29‚ô¶Ô∏è-------------‚ô¶Ô∏è
‡∂Ö‡∂Ø ‡∂Ø‡∑í‡∂± ‡∂ö‡∑ú‡∂ª‡∑ù‡∂±‡∑è ‡∂∏‡∂ª‡∂´ 8‡∂ö‡∑ä ‡∑Ä‡∑è‡∂ª‡∑ä‡∂≠‡∑è ‡∑Ä‡∑ñ ‡∂∂‡∑Ä ‡∂≠‡∑Ñ‡∑Ä‡∑î‡∂ª‡∑î ‡∂ö‡∂ª‡∂∫‡∑í
#Srilankan #Srilanka #lka #Lanka #Ceylon #DGI #Government #Information #Department #News #infodprtsl #Coronavirus #Covid #Corona #Staysafe #Socialdistancing #Virus #Coronav #Pandemic https://t.co/kByPMZ7ZvC",2021-01-29 17:37:23
53,1355186330318340096,"‡∂Ö‡∂Ø ‡∂Ø‡∑í‡∂± ‡∂∏‡∑ö ‡∑Ä‡∂± ‡∑Ä‡∑í‡∂ß ‡∂≠‡∑Ä‡∂≠‡∑ä ‡∂ö‡∑ú‡∑Ä‡∑í‡∂©‡∑ä-19 ‡∂Ü‡∑É‡∑è‡∂Ø‡∑í‡∂≠ ‡∂ª‡∑ù‡∂ú‡∑ì‡∂±‡∑ä 465‡∂ö‡∑ä ‡∑Ä‡∑è‡∂ª‡∑ä‡∂≠‡∑è ‡∑Ä‡∑ö
#Srilankan #Srilanka #lka #Lanka #Ceylon #DGI #Government #Information #Department #News #infodprtsl #Coronavirus #Covid #Corona #Staysafe #Socialdistancing #Virus #Coronav #Pandemic https://t.co/TQDbUrf8wY",2021-01-29 16:09:33
54,1355183942324908042,"‡∂Ö‡∂Ø ‡∂Ø‡∑í‡∂± ‡∂∏‡∑ö ‡∑Ä‡∂± ‡∑Ä‡∑í‡∂ß ‡∂≠‡∑Ä‡∂≠‡∑ä ‡∂ö‡∑ú‡∑Ä‡∑í‡∂©‡∑ä-19 ‡∂Ü‡∑É‡∑è‡∂Ø‡∑í‡∂≠ ‡∂ª‡∑ù‡∂ú‡∑ì‡∂±‡∑ä 465‡∂ö‡∑ä ‡∑Ä‡∑è‡∂ª‡∑ä‡∂≠‡∑è ‡∑Ä‡∑ö
#Srilankan #Srilanka #lka #Lanka #Ceylon #DGI #Government #Information #Department #News #infodprtsl #Coronavirus #Covid #Corona #Staysafe #Socialdistancing #Virus #Coronav #Pandemic https://t.co/pw4NhuMplx",2021-01-29 16:00:04
55,1355144214418493444,"---------2021-01-29----------
‡∂Ö‡∂Ø ‡∂Ø‡∑í‡∂± ‡∂∏‡∑ö ‡∑Ä‡∂± ‡∑Ä‡∑í‡∂ß ‡∂ö‡∑ú‡∑Ä‡∑í‡∂©‡∑ä-19 ‡∂Ü‡∑É‡∑è‡∂Ø‡∑í‡∂≠ ‡∂ª‡∑ù‡∂ú‡∑ì‡∂±‡∑ä 394‡∂ö‡∑ä ‡∑Ä‡∑è‡∂ª‡∑ä‡∂≠‡∑è ‡∑Ä‡∑ö

#Srilankan #Srilanka #lka #Lanka #Ceylon #DGI #Government #Information #Department #News #infodprtsl #Coronavirus #Covid #Corona #Staysafe #Socialdistancing #Virus #Coronav #Pandemic https://t.co/Typ9bdb4M8",2021-01-29 13:22:12
56,1355138640578535427,"‚Äú‡∂ö‡∑ú‡∑Ä‡∑í‡∂©‡∑ä ‡∂ë‡∂±‡∑ä‡∂±‡∂≠‡∑ä‡∂ö‡∂ª‡∂´ ‡∑Ä‡∑ê‡∂©‡∂¥‡∑í‡∑Ö‡∑í‡∑Ä‡∑ô‡∂Ω ‡∂ö‡∂©‡∑í‡∂±‡∂∏‡∑í‡∂±‡∑ä ‡∂Ü‡∂ª‡∂∏‡∑ä‡∂∑ ‡∂ö‡∑í‡∂ª‡∑ì‡∂∏‡∂ß ‡∂Ω‡∑ê‡∂∂‡∑ì‡∂∏ ‡∑É‡∂≠‡∑î‡∂ß‡∂ß ‡∂ö‡∂ª‡∑î‡∂´‡∂ö‡∑ä‚Äù - ‡∑É‡∑û‡∂õ‡∑ä‚Äç‡∂∫ ‡∂Ö‡∂∏‡∑è‡∂≠‡∑ä‚Äç‡∂∫ ‡∂¥‡∑Ä‡∑í‡∂≠‡∑ä‚Äç‡∂ª‡∑è ‡∑Ä‡∂±‡∑ä‡∂±‡∑í‡∂Ü‡∂ª‡∂†‡∑ä‡∂†‡∑í ‡∂∏‡∑Ñ‡∂≠‡∑ä‡∂∏‡∑í‡∂∫ ‡∂¥‡∑Ä‡∑É‡∂∫‡∑í
#Srilankan #Srilanka #lka #Lanka #Ceylon #DGI #Government #Information #Department #News #infodprtsl #Coronavirus #Covid #Corona #Staysafe #Socialdistancing https://t.co/7f8Lcxq4Fc",2021-01-29 13:00:03
0,1357961487508066308,"‡∂ú‡∑è‡∂Ω‡∑ä‡∂Ω, ‡∂á‡∂Ω‡∑ä‡∂¥‡∑í‡∂ß‡∑í‡∂∫ - ‡∂±‡∑Ä‡∂Ø‡∂ú‡∂Ω ‡∂±‡∑Ä‡∂∏‡∑í‡∂´‡∑í ‡∂∫‡∑û‡∑Ä‡∂± ‡∑É‡∂∏‡∑è‡∂¢‡∂∫ ‡∑É‡∂Ç‡∑Ä‡∑í‡∂∞‡∑è‡∂±‡∂∫ ‡∂ö‡∂Ω ‡∂ª‡∑î‡∂ö‡∑ä ‡∂ª‡∑ù‡∂¥‡∂´ ‡∑Ä‡∑ê‡∂©‡∑É‡∂ß‡∑Ñ‡∂± 
‡∂±‡∑Ä‡∂Ø‡∂ú‡∂Ω ‡∂¢‡∂∫‡∂∂‡∑ù‡∂∞‡∑í ‡∑Ä‡∑í‡∑Ñ‡∑è‡∂ª‡∑É‡∑ä‡∂Æ‡∑è‡∂± ‡∂¥‡∂ª‡∑í‡∑Å‡∑ä‚Äç‡∂ª‡∂∫‡∑ö
2021 - 02 - 04

#buddhikawickramadara #buddhikawickramadaraofficial #Political #youth #SLPP #galle #elpitiya #nawadagala https://t.co/N1DCtTsoTQ",2021-02-06 07:57:02
